hn,date_of_submission,species,submitted_sample,vitek_id,bacteria_genus,report_issued_date,ans_amikacin,ans_amoxicillin/clavulanic acid,ans_azithromycin,ans_cefalexin,ans_cefazolin,ans_cefixime,ans_cefovecin,ans_cefpodoxime,ans_ceftriaxone,ans_chloramphenicol,ans_clindamycin,ans_doxycycline,ans_enrofloxacin,ans_fluconazole,ans_fosfomycin,ans_gentamicin,ans_imipenem,ans_marbofloxacin,ans_metronidazole,ans_minocycline,ans_nitrofurantoin,ans_piperacillin/tazobactam,ans_polymyxin b,ans_pradofloxacin,ans_rifampicin,ans_tetracycline,ans_trimethoprim/sulfamethoxazole,ans_vancomycin,S/I/R_amikacin,S/I/R_amoxicillin/clavulanic acid,S/I/R_ampicillin,S/I/R_benzylpenicillin,S/I/R_cefalexin,S/I/R_cefalotin,S/I/R_cefotaxime,S/I/R_cefovecin,S/I/R_cefoxitin screen,S/I/R_cefpodoxime,S/I/R_ceftiofur,S/I/R_ceftriaxone,S/I/R_chloramphenicol,S/I/R_clindamycin,S/I/R_doxycycline,S/I/R_enrofloxacin,S/I/R_erythromycin,S/I/R_esbl,S/I/R_florfenicol,S/I/R_fusidic acid,S/I/R_gentamicin,S/I/R_imipenem,S/I/R_inducible clindamycin resistance,S/I/R_levofloxacin,S/I/R_linezolid,S/I/R_marbofloxacin,S/I/R_minocycline,S/I/R_moxifloxacin,S/I/R_mupirocin,S/I/R_neomycin,S/I/R_nitrofurantoin,S/I/R_oxacillin,S/I/R_piperacillin,S/I/R_polymyxin b,S/I/R_pradofloxacin,S/I/R_rifampicin,S/I/R_teicoplanin,S/I/R_tetracycline,S/I/R_tigecycline,S/I/R_tobramycin,S/I/R_trimethoprim/sulfamethoxazole,S/I/R_vancomycin
42800,2020-07-15,dog,urine,GN,klebsiella,2020-07-22,False,False,False,False,False,False,False,False,False,False,False,False,False,False,False,False,True,False,False,False,True,False,False,False,False,False,False,False,R,R,R,,R,R,,R,,R,R,,R,,R,R,,-,,,R,S,,,,R,,,,I,S,,,,R,,,R,,,R,
42801,2020-08-31,cat,screw,GN,sphingomonas,2020-09-03,False,False,False,False,False,False,False,False,False,False,False,True,True,False,False,False,False,True,False,False,False,False,False,False,False,False,True,False,S,,,,,,,,,,,,S,,S,S,,,,,S,S,,,,S,,,,,,,,,,,,S,,,S,
42802,2021-03-23,dog,urine,GN,escherichia,2021-03-29,False,False,False,False,False,False,False,False,False,False,False,False,False,False,False,False,False,True,False,False,False,False,False,False,False,False,True,False,S,R,R,,R,R,,R,,R,R,,R,,R,I,,+,,,S,S,,,,S,,,,S,S,,,,I,,,R,,,S,
42803,2020-09-17,dog,urine,GN,pseudomonas,2020-09-22,True,False,False,False,False,False,False,False,False,False,False,False,False,False,False,False,True,False,False,False,False,False,False,False,False,False,False,False,S,,,,,,,,,,,,R,,R,R,,,,,S,S,,,,R,,,,,,,,,,,,R,,,R,
42804,2020-06-30,dog,urine,GN,acinetobacter,2020-07-09,False,False,False,False,False,False,False,False,False,False,False,False,False,False,False,False,False,False,False,False,False,False,False,False,False,False,False,False,,,,,,,,,,,,,,,R,R,,,,,R,R,,,,R,,,,,,,,,,,,R,,,R,
42805,2020-09-14,cat,urine,GN,escherichia,2020-09-17,False,False,False,False,False,False,True,False,False,False,False,False,True,False,False,False,False,True,False,False,False,False,False,False,False,False,True,False,S,R,R,,R,R,,S,,S,S,,S,,S,S,,-,,,S,S,,,,S,,,,S,S,,,,S,,,S,,,S,
42806,2021-03-29,cat,urine,GN,proteus,2021-04-02,True,False,False,True,False,False,True,False,False,False,False,False,False,False,False,True,False,False,False,False,False,False,False,False,False,False,False,False,S,R,R,,S,S,,S,,S,S,,R,,R,R,,,,,S,I,,,,R,,,,S,R,,,,R,,,R,,,R,
42807,2020-06-30,cat,nasal discharge,GN,pseudomonas,2020-07-09,False,False,False,False,False,False,False,False,False,False,False,False,False,False,False,False,False,True,False,False,False,False,False,False,False,False,False,False,S,,,,,,,,,,,,,,,S,,,,,I,S,,,,S,,,,,,,,,,,,,,,,
42808,2021-05-13,dog,ear exudate,GN,proteus,2021-05-18,False,False,False,False,False,False,True,False,False,False,False,False,True,False,False,False,False,True,False,False,False,False,False,False,False,False,False,False,S,S,R,,R,I,,S,,S,S,,S,,R,S,,,,,S,I,,,,S,,,,S,R,,,,S,,,R,,,R,
42809,2020-06-27,dog,urine,GN,escherichia,2020-07-02,False,False,False,True,False,False,True,False,False,False,False,False,False,False,False,False,False,False,False,False,False,False,False,False,False,False,False,False,S,S,R,,S,R,,S,,S,S,,I,,S,R,,-,,,S,S,,,,R,,,,S,S,,,,R,,,S,,,R,
42810,2020-06-29,dog,urine,GN,enterobacter,2020-07-02,False,False,False,False,False,False,False,False,False,False,False,False,True,False,False,False,False,True,False,False,False,False,False,False,False,False,True,False,S,R,,,R,R,,I,,R,S,,S,,S,S,,,,,S,S,,,,S,,,,S,S,,,,S,,,S,,,S,
42811,2020-06-26,dog,urine,GN,escherichia,2020-07-01,True,False,False,False,False,False,False,False,False,False,False,False,False,False,False,True,False,False,False,False,False,False,False,False,False,False,True,False,S,R,R,,R,R,,R,,R,R,,R,,R,R,,+,,,S,S,,,,R,,,,S,I,,,,R,,,R,,,S,
42812,2020-12-01,dog,urine,GN,proteus,2020-12-07,False,True,False,True,False,False,True,False,False,False,False,False,False,False,False,False,False,False,False,False,False,False,False,False,False,False,False,False,R,S,S,,S,S,,S,,S,I,,I,,R,R,,,,,R,R,,,,R,,,,S,R,,,,R,,,R,,,R,
42813,2020-07-08,dog,open wound,GN,pseudomonas,2020-07-13,True,False,False,False,False,False,False,False,False,False,False,False,False,False,False,False,False,True,False,False,False,False,False,False,False,False,False,False,S,,,,,,,,,,,,,,,I,,,,,S,S,,,,S,,,,,,,,,,,,,,,,
42814,2020-08-06,cat,urine,GN,escherichia,2020-08-11,False,True,False,False,False,False,False,False,False,False,False,False,False,False,False,False,False,False,False,False,True,False,False,False,False,False,False,False,S,S,R,,R,R,,R,,R,R,,R,,R,R,,+,,,R,S,,,,R,,,,I,S,,,,R,,,R,,,R,
42815,2020-06-24,dog,urine,GN,pseudomonas,2020-07-01,False,False,False,False,False,False,False,False,False,False,False,False,True,False,False,False,False,True,False,False,False,False,False,False,False,False,False,False,S,,,,,,,,,,,,,,,S,,,,,S,S,,,,S,,,,,,,,,,,,,,,,
42816,2020-08-20,cat,ear exudate,GN,proteus,2020-08-25,False,False,False,False,False,False,False,False,False,False,False,False,False,False,False,False,False,True,False,False,False,False,False,False,False,False,False,False,S,R,R,,R,R,,R,,R,R,,R,,R,I,,,,,S,S,,,,S,,,,I,R,,,,I,,,R,,,R,
42817,2020-12-21,dog,surgical site,GN,pseudomonas,2020-12-29,True,False,False,False,False,False,False,False,False,False,False,False,False,False,False,True,False,True,False,False,False,False,False,False,False,False,False,False,S,,,,,,,,,,,,,,,I,,,,,S,S,,,,S,,,,,,,,,,,,,,,,
42818,2020-07-02,dog,open wound,GN,pseudomonas,2020-07-10,False,False,False,False,False,False,False,False,False,False,False,False,False,False,False,False,False,True,False,False,False,False,False,False,False,False,False,False,S,,,,,,,,,,,,,,,I,,,,,S,S,,,,S,,,,,,,,,,,,,,,,
42819,2020-07-05,dog,urine,GN,escherichia,2020-07-13,False,False,False,False,False,False,False,False,False,False,False,False,False,False,False,False,False,False,False,False,True,False,False,False,False,False,True,False,S,R,R,,R,R,,R,,R,R,,I,,R,R,,+,,,S,S,,,,R,,,,S,S,,,,R,,,R,,,S,
42820,2020-07-06,cat,open wound,GN,pasteurella,2020-07-15,False,True,False,True,False,False,True,False,False,False,False,False,False,False,False,False,False,False,False,False,False,False,False,False,False,False,True,False,,S,S,,S,,,,,S,S,,S,,,S,,,,,S,S,,,,S,,,,S,,,,,S,,,S,,,S,
42821,2020-07-07,dog,prostate,GN,escherichia,2020-07-13,False,False,False,False,False,False,False,False,False,False,False,False,False,False,False,False,False,False,False,False,False,False,False,False,False,False,True,False,S,R,R,,R,I,,S,,S,S,,S,,S,R,,-,,,R,S,,,,R,,,,S,S,,,,R,,,S,,,S,
42822,2020-08-27,dog,urine,GN,klebsiella,2020-09-01,False,True,False,True,False,False,True,False,False,False,False,False,False,False,False,False,False,False,False,False,False,False,False,False,False,False,False,False,S,S,R,,S,S,,S,,S,S,,R,,R,R,,-,,,S,S,,,,R,,,,S,I,,,,R,,,R,,,R,
42823,2020-07-17,dog,ub mucosa,GN,enterobacter,2020-07-23,False,False,False,False,False,False,False,False,False,False,False,False,False,False,False,False,False,True,False,False,False,False,False,False,False,False,True,False,S,R,,,R,R,,R,,R,I,,S,,S,I,,,,,S,S,,,,S,,,,S,S,,,,I,,,S,,,S,
42824,2020-07-10,cat,abdominal cavity,GN,acinetobacter,2020-07-20,False,False,False,False,False,False,False,False,False,False,False,False,False,False,False,False,True,False,False,False,False,False,False,False,False,False,True,False,R,,,,,,,,,,,,,,S,I,,,,,I,S,,,,I,,,,,,,,,,,,S,,,S,
42825,2020-07-21,dog,ear exudate,GN,pseudomonas,2020-07-24,True,False,False,False,False,False,False,False,False,False,False,False,False,False,False,True,False,False,False,False,False,False,False,False,False,False,False,False,S,,,,,,,,,,,,,,,I,,,,,S,S,,,,I,,,,,,,,,,,,,,,,
42826,2020-07-15,cat,surgical site,GN,acinetobacter,2020-07-22,False,False,False,False,False,False,False,False,False,False,False,False,False,False,False,False,False,False,False,False,False,False,False,False,False,False,True,False,,,,,,,,,,,,,,,R,R,,,,,R,R,,,,R,,,,,,,,,,,,R,,,S,
42827,2020-07-14,dog,urine,GN,proteus,2020-07-17,False,True,False,True,False,False,True,False,False,False,False,False,False,False,False,False,False,False,False,False,False,False,False,False,False,False,True,False,S,S,S,,S,S,,S,,S,S,,I,,R,S,,,,,S,R,,,,S,,,,S,R,,,,S,,,R,,,S,
42828,2020-08-16,cat,urine,GN,acinetobacter,2020-08-19,False,False,False,False,False,False,False,False,False,False,False,False,False,False,False,True,False,False,False,False,False,False,False,False,False,False,True,False,,,,,,,,,,,,,,,S,R,,,,,S,S,,,,R,,,,,,,,,,,,R,,,S,
42829,2020-12-04,cat,urine,GN,pseudomonas,2020-12-09,True,False,False,False,False,False,False,False,False,False,False,False,False,False,False,False,True,False,False,False,False,False,False,False,False,False,False,False,S,,,,,,,,,,,,,,,R,,,,,R,S,,,,R,,,,,,,,,,,,,,,,
42830,2020-09-01,cat,nasal conchae,GN,achromobacter,2020-09-10,False,False,False,False,False,False,False,False,False,False,False,False,False,False,False,False,False,False,False,False,False,False,False,False,False,False,True,False,R,,,,,,,,,,,,R,,I,I,,,,,R,S,,,,R,,,,,,,,,,,,R,,,S,
42831,2020-09-01,cat,nasal conchae,GN,achromobacter,2020-09-10,False,False,False,False,False,False,False,False,False,False,False,False,False,False,False,False,False,False,False,False,False,False,False,False,False,False,True,False,R,,,,,,,,,,,,R,,I,R,,,,,R,S,,,,R,,,,,,,,,,,,R,,,S,
42832,2020-07-21,dog,urine,GN,enterobacter,2020-07-24,False,False,False,False,False,False,True,False,False,False,False,False,True,False,False,False,False,True,False,False,False,False,False,False,False,False,True,False,S,R,,,R,R,,S,,R,S,,S,,I,S,,,,,S,S,,,,S,,,,S,S,,,,S,,,R,,,S,
42833,2020-08-19,dog,urine,GN,pseudomonas,2020-08-26,True,False,False,False,False,False,False,False,False,False,False,False,False,False,False,True,False,True,False,False,False,False,False,False,False,False,False,False,S,,,,,,,,,,,,,,,I,,,,,S,S,,,,S,,,,,,,,,,,,,,,,
42834,2020-07-23,cat,abdominal cavity,GN,enterobacter,2020-07-31,False,False,False,False,False,False,False,False,False,False,False,False,True,False,False,False,False,True,False,False,False,False,False,False,False,False,False,False,S,R,,,R,R,,R,,R,R,,S,,S,S,,,,,S,S,,,,S,,,,S,S,,,,S,,,S,,,S,
42835,2020-07-23,cat,open wound,GN,massilia,2020-08-03,False,False,False,False,False,False,False,False,False,False,False,True,False,False,False,False,False,True,False,False,False,False,False,False,False,False,True,False,,,,,,,,,,,,,,,,,,,,,,,,,,,,,,,,,,,,,,,,,,
42836,2020-08-04,dog,infection wound + bone involvement,GN,acinetobacter,2020-08-07,False,False,False,False,False,False,False,False,False,False,False,False,False,False,False,False,False,False,False,False,False,False,False,False,False,False,False,False,,,,,,,,,,,,,,,R,R,,,,,R,R,,,,R,,,,,,,,,,,,R,,,R,
42837,2020-08-04,dog,bite wound,GN,acinetobacter,2020-08-10,False,False,False,False,False,False,False,False,False,False,False,False,False,False,False,False,False,False,False,False,False,False,False,False,False,False,False,False,,,,,,,,,,,,,,,R,R,,,,,R,R,,,,R,,,,,,,,,,,,R,,,R,
42838,2020-08-14,dog,urine,GN,proteus,2020-08-19,False,False,False,True,False,True,True,False,False,False,False,False,False,False,False,False,False,False,False,False,False,False,False,False,False,False,False,False,S,R,R,,S,S,,S,,S,S,,R,,R,R,,,,,R,R,,,,R,,,,S,R,,,,R,,,R,,,R,
42839,2020-07-29,cat,purulent,GN,pasteurella,2020-08-03,False,True,False,True,False,False,False,False,False,False,False,False,False,False,False,False,False,False,False,False,False,False,False,False,False,False,True,False,,S,S,,S,,,,,S,S,,S,,,S,,,,,S,S,,,,S,,,,S,,,,,S,,,S,,,S,
42840,2020-07-30,dog,urine,GN,escherichia,2020-08-04,False,True,False,True,False,False,True,False,False,False,False,False,False,False,False,False,False,False,False,False,False,False,False,False,False,False,True,False,S,S,R,,S,S,,S,,S,S,,R,,R,S,,-,,,S,S,,,,S,,,,S,S,,,,S,,,R,,,S,
42841,2020-07-30,dog,urine,GN,klebsiella,2020-08-05,True,False,False,False,False,False,False,False,False,False,False,False,False,False,False,True,True,False,False,False,False,False,False,False,False,False,False,False,S,R,R,,R,R,,R,,R,R,,S,,R,R,,-,,,S,S,,,,R,,,,S,I,,,,R,,,R,,,R,
42842,2021-01-05,dog,hemoculture,GN,burkholderia,2021-01-12,False,False,False,False,False,False,False,False,False,False,False,True,False,False,False,False,False,True,False,False,False,False,False,False,False,False,True,False,R,,,,,,,,,,,,R,,S,R,,,,,R,R,,,,S,,,,,,,,,,,,R,,,S,
42843,2020-08-08,cat,bite wound,GN,stenotrophomonas,2020-08-14,False,False,False,False,False,False,False,False,False,False,False,False,False,False,False,False,False,False,False,False,False,False,False,False,False,False,True,False,,,,,,,,,,,,,,,,,,,,,,,,,,,,,,,,,,,,,,,,,S,
42844,2020-08-04,cat,open wound,GN,acinetobacter,2020-08-07,False,False,False,False,False,False,False,False,False,False,False,True,True,False,False,False,False,True,False,False,False,False,False,False,False,False,True,False,,,,,,,,,,,,,,,S,S,,,,,S,S,,,,S,,,,,,,,,,,,S,,,S,
42845,2020-09-01,dog,urine,GN,klebsiella,2020-09-08,False,False,False,False,False,False,False,False,False,False,False,False,False,False,False,False,True,False,False,False,False,False,False,False,False,False,False,False,R,R,R,,R,R,,R,,R,R,,R,,R,R,,+,,,R,I,,,,R,,,,R,I,,,,R,,,R,,,R,
42846,2021-03-09,dog,urine,GN,klebsiella,2021-03-12,False,False,False,False,False,False,False,False,False,False,False,False,False,False,False,False,True,False,False,False,False,False,False,False,False,False,False,False,R,R,R,,R,R,,R,,R,R,,R,,R,R,,+,,,R,S,,,,R,,,,R,R,,,,R,,,R,,,R,
42847,2020-08-09,dog,flank wound,GN,neisseria,2020-08-14,False,False,False,False,False,False,False,False,False,False,False,True,True,False,False,False,False,True,False,False,False,False,False,False,False,False,True,False,,,,,,,,,,,,,,,,,,,,,,,,,,,,,,,,,,,,,,,,,,
42848,2020-08-18,cat,urine,GN,burkholderia,2020-08-21,False,False,False,False,False,False,False,False,False,False,False,False,False,False,False,False,False,False,False,False,False,False,False,False,False,False,True,False,R,,,,,,,,,,,,R,,S,R,,,,,R,R,,,,I,,,,,,,,,,,,R,,,S,
42849,2020-08-25,cat,wound,GN,escherichia,2020-08-31,False,False,False,False,False,False,False,False,False,False,False,False,False,False,False,False,False,False,False,False,False,False,False,False,False,False,False,False,S,R,R,,R,R,,R,,R,R,,R,,R,R,,+,,,S,S,,,,R,,,,R,S,,,,R,,,R,,,R,
42850,2020-08-17,dog,ub mucosa,GN,pseudomonas,2020-08-24,True,False,False,False,False,False,False,False,False,False,False,False,False,False,False,False,True,False,False,False,False,False,False,False,False,False,False,False,S,,,,,,,,,,,,,,,R,,,,,R,S,,,,R,,,,,,,,,,,,,,,,
42851,2020-08-17,dog,urine,GN,acinetobacter,2020-08-20,False,False,False,False,False,False,False,False,False,False,False,False,False,False,False,False,False,False,False,False,False,False,False,False,False,False,False,False,,,,,,,,,,,,,,,R,R,,,,,R,R,,,,R,,,,,,,,,,,,R,,,R,
42852,2020-08-15,cat,abdominal cavity,GN,escherichia,2020-08-21,True,False,False,False,False,False,False,False,False,False,False,False,False,False,False,True,False,True,False,False,False,False,False,False,False,False,False,False,S,R,R,,R,R,,S,,S,S,,R,,R,I,,-,,,S,S,,,,S,,,,S,S,,,,S,,,R,,,S,
42853,2020-08-15,cat,open wound,GN,pseudomonas,2020-08-20,True,False,False,False,False,False,False,False,False,False,False,False,False,False,False,False,True,False,False,False,False,False,False,False,False,False,False,False,S,,,,,,,,,,,,,,,R,,,,,R,S,,,,R,,,,,,,,,,,,,,,,
42854,2020-08-23,dog,abscess,GN,klebsiella,2020-08-27,True,False,False,False,False,False,False,False,False,False,False,False,False,False,False,False,True,False,False,False,False,False,False,False,False,False,False,False,S,R,R,,R,R,,R,,R,R,,R,,R,R,,+,,,R,S,,,,R,,,,S,I,,,,R,,,R,,,R,
42855,2020-08-19,dog,open wound,GN,aeromonas,2020-08-26,False,False,False,False,False,False,False,False,False,False,False,False,False,False,False,False,False,True,False,False,False,False,False,False,False,False,True,False,S,I,,,,,,,,,,,S,,,I,,,,,S,I,,,,S,,,,,,,,,,,,S,,,S,
42856,2020-08-19,dog,abdominal cavity,GN,pseudomonas,2020-08-25,True,False,False,False,False,False,False,False,False,False,False,False,False,False,False,False,False,False,False,False,False,False,False,False,False,False,False,False,S,,,,,,,,,,,,,,,I,,,,,S,S,,,,S,,,,,,,,,,,,,,,,
42857,2020-09-02,dog,fluid,GN,acinetobacter,2020-09-10,True,False,False,False,False,False,False,False,False,False,False,False,False,False,False,True,True,False,False,False,False,False,False,False,False,False,False,False,S,,,,,,,,,,,,,,R,R,,,,,S,S,,,,R,,,,,,,,,,,,R,,,R,
42858,2020-11-26,dog,skin,GN,pseudomonas,2020-11-30,True,False,False,False,False,False,False,False,False,False,False,False,False,False,False,False,True,False,False,False,False,False,False,False,False,False,False,False,S,,,,,,,,,,,,,,,R,,,,,R,S,,,,R,,,,,,,,,,,,,,,,
42859,2021-02-24,dog,urine,GN,proteus,2021-03-02,False,True,False,True,False,False,True,False,False,False,False,False,False,False,False,False,False,False,False,False,False,False,False,False,False,False,True,False,S,S,S,,S,S,,S,,S,S,,S,,R,S,,,,,S,I,,,,S,,,,S,R,,,,S,,,R,,,S,
42860,2020-08-21,cat,abdominal cavity,GN,enterobacter,2020-08-27,False,False,False,False,False,False,False,False,False,False,False,False,True,False,False,False,False,True,False,False,False,False,False,False,False,False,True,False,S,R,,,R,R,,I,,R,S,,S,,S,S,,,,,S,S,,,,S,,,,S,S,,,,S,,,S,,,S,
42861,2020-08-24,dog,abdominal cavity,GN,escherichia,2020-08-28,True,False,False,False,False,False,False,False,False,False,False,False,False,False,False,False,True,False,False,False,False,False,False,False,False,False,False,False,S,S,R,,R,R,,R,,R,R,,R,,R,R,,+,,,R,S,,,,R,,,,S,S,,,,R,,,R,,,R,
42862,2020-10-12,dog,urine,GN,escherichia,2020-10-16,False,False,False,True,False,False,True,False,False,False,False,False,False,False,False,False,False,False,False,False,False,False,False,False,False,False,True,False,S,R,R,,S,S,,S,,S,S,,R,,R,R,,-,,,I,S,,,,R,,,,S,I,,,,R,,,R,,,S,
42863,2020-09-08,dog,open wound,GN,pseudomonas,2020-09-11,True,False,False,False,False,False,False,False,False,False,False,False,False,False,False,True,False,True,False,False,False,False,False,False,False,False,False,False,S,,,,,,,,,,,,,,,I,,,,,S,S,,,,S,,,,,,,,,,,,,,,,
42864,2020-08-24,cat,open wound,GN,pasteurella,2020-08-31,False,True,False,True,False,False,False,False,False,False,False,False,False,False,False,False,False,False,False,False,False,False,False,False,False,False,True,False,,S,S,,S,,,,,S,S,,S,,,S,,,,,S,S,,,,S,,,,,,,,,S,,,S,,,S,
42865,2020-09-24,cat,urine,GN,burkholderia,2020-09-29,False,False,False,False,False,False,False,False,False,False,False,False,False,False,False,False,False,True,False,False,False,False,False,False,False,False,False,False,,,,,,,,,,,,,,,S,,,,,,,,,,,S,,,,,,,,,,,,R,,,,
42866,2020-08-25,dog,urine,GN,proteus,2020-09-02,True,False,False,False,False,False,False,False,False,False,False,False,False,False,False,False,False,False,False,False,False,False,False,False,False,False,False,False,S,R,R,,R,R,,R,,R,R,,R,,R,R,,,,,I,I,,,,R,,,,R,R,,,,R,,,R,,,R,
42867,2020-08-27,dog,stump pyometra,GN,pseudomonas,2020-09-01,True,False,False,False,False,False,False,False,False,False,False,False,False,False,False,False,True,False,False,False,False,False,False,False,False,False,False,False,S,,,,,,,,,,,,,,,R,,,,,R,S,,,,I,,,,,,,,,,,,,,,,
42868,2021-04-22,cat,urine,GN,pseudomonas,2021-04-27,True,False,False,False,False,False,False,False,False,False,False,False,False,False,False,True,False,True,False,False,False,False,False,False,False,False,False,False,S,,,,,,,R,,,R,,,,,I,,,,,S,S,,,,S,,,,,,,,,,,,,,,,
42869,2020-09-10,dog,ub mucosa,GN,enterobacter,2020-09-15,False,False,False,False,False,False,False,False,False,False,False,False,True,False,False,False,False,True,False,False,False,False,False,False,False,False,True,False,S,R,,,R,R,,I,,R,S,,S,,S,S,,,,,S,S,,,,S,,,,S,S,,,,S,,,R,,,S,
42870,2020-10-16,dog,surgical site,GN,escherichia,2020-10-22,True,False,False,False,False,False,False,False,False,False,False,False,False,False,False,True,False,False,False,False,False,False,False,False,False,False,True,False,S,R,R,,R,R,,R,,R,R,,R,,R,R,,+,,,S,S,,,,R,,,,S,S,,,,R,,,R,,,S,
42871,2020-08-31,cat,chronic wound,GN,serratia,2020-09-08,False,False,False,False,False,False,True,False,False,False,False,False,True,False,False,False,False,True,False,False,False,False,False,False,False,False,True,False,S,R,,,R,R,,S,,,S,,S,,S,S,,,,,S,,,,,S,,,,S,R,,,,S,,,R,,,S,
42872,2020-12-02,cat,urine,GN,escherichia,2020-12-07,False,False,False,True,False,False,True,False,False,False,False,False,False,False,False,False,False,False,False,False,False,False,False,False,False,False,True,False,S,R,R,,S,S,,S,,S,S,,R,,R,R,,-,,,I,S,,,,R,,,,S,S,,,,R,,,R,,,S,
42873,2020-09-23,dog,urine,GN,acinetobacter,2020-09-28,False,False,False,False,False,False,False,False,False,False,False,False,False,False,False,False,True,False,False,False,False,False,False,False,False,False,False,False,,,,,,,,,,,,,,,R,R,,,,,R,S,,,,R,,,,,,,,,,,,R,,,R,
42874,2020-09-07,cat,open wound,GN,escherichia,2020-09-10,False,False,False,False,False,False,True,False,False,False,False,False,False,False,False,False,False,True,False,False,False,False,False,False,False,False,True,False,S,R,R,,R,R,,S,,S,S,,R,,R,I,,-,,,S,S,,,,S,,,,S,S,,,,I,,,R,,,S,
42875,2020-09-10,dog,chronic wound,GN,proteus,2020-09-15,False,True,False,False,False,False,False,False,False,False,False,False,False,False,False,False,False,False,False,False,False,False,False,False,False,False,False,False,S,S,R,,R,R,,R,,R,R,,R,,R,R,,,,,R,I,,,,R,,,,I,R,,,,R,,,R,,,R,
42876,2020-12-25,dog,surgical wound,GN,enterobacter,2020-12-29,False,False,False,False,False,False,False,False,False,False,False,False,True,False,False,False,False,True,False,False,False,False,False,False,False,False,True,False,S,R,,,R,R,,R,,R,R,,S,,I,S,,,,,S,S,,,,S,,,,S,S,,,,S,,,S,,,S,
42877,2020-09-16,cat,surgical site,GN,pseudomonas,2020-09-21,False,False,False,False,False,False,False,False,False,False,False,False,False,False,False,False,True,False,False,False,False,False,False,False,False,False,False,False,R,,,,,,,,,,,,,,,R,,,,,R,S,,,,R,,,,,,,,,,,,,,,,
42878,2020-09-27,dog,abdominal cavity,GN,escherichia,2020-10-01,True,False,False,False,False,False,False,False,False,False,False,False,False,False,False,True,False,True,False,False,False,False,False,False,False,False,False,False,S,R,R,,R,R,,S,,S,S,,S,,R,I,,-,,,S,S,,,,S,,,,S,S,,,,I,,,R,,,S,
42879,2020-09-22,cat,nasal cavity,GN,pseudomonas,2020-09-28,False,False,False,False,False,False,False,False,False,False,False,False,False,False,False,False,True,False,False,False,False,False,False,False,False,False,False,False,I,,,,,,,,,,,,,,,R,,,,,R,S,,,,R,,,,,,,,,,,,,,,,
42880,2020-09-22,cat,nasal cavity,GN,pseudomonas,2020-09-28,False,False,False,False,False,False,False,False,False,False,False,False,False,False,False,False,True,False,False,False,False,False,False,False,False,False,False,False,I,,,,,,,,,,,,,,,R,,,,,I,S,,,,R,,,,,,,,,,,,,,,,
42881,2020-10-20,dog,surgical site,GN,pseudomonas,2020-10-26,True,False,False,False,False,False,False,False,False,False,False,False,False,False,False,True,False,True,False,False,False,False,False,False,False,False,False,False,S,,,,,,,,,,,,,,,I,,,,,S,S,,,,S,,,,,,,,,,,,,,,,
42882,2020-09-15,dog,ear exudate,GN,escherichia,2020-09-21,False,True,False,False,False,False,True,False,False,False,False,False,False,False,False,False,False,False,False,False,False,False,False,False,False,False,True,False,S,S,S,,R,R,,S,,S,S,,S,,S,S,,-,,,S,S,,,,S,,,,S,S,,,,S,,,S,,,S,
42883,2020-09-22,dog,abdominal cavity,GN,klebsiella,2020-09-29,False,False,False,False,False,False,False,False,False,False,False,False,False,False,False,False,True,False,False,False,False,False,False,False,False,False,False,False,R,R,R,,R,R,,R,,R,R,,R,,R,R,,+,,,R,S,,,,R,,,,S,I,,,,R,,,R,,,R,
42884,2020-09-16,dog,open wound,GN,acinetobacter,2020-09-18,False,False,False,False,False,False,False,False,False,False,False,True,True,False,False,False,False,True,False,False,False,False,False,False,False,False,True,False,,,,,,,,,,,,,,,S,S,,,,,S,S,,,,S,,,,,,,,,,,,S,,,S,
42885,2020-09-22,dog,wound,GN,pseudomonas,2020-09-29,True,False,False,False,False,False,False,False,False,False,False,False,False,False,False,False,False,True,False,False,False,False,False,False,False,False,False,False,S,,,,,,,,,,,,,,,I,,,,,S,S,,,,S,,,,,,,,,,,,,,,,
42886,2020-09-25,dog,open wound,GN,klebsiella,2020-09-25,True,False,False,False,False,False,False,False,False,False,False,False,False,False,False,False,False,True,False,False,False,False,False,False,False,False,False,False,S,S,R,,R,R,,R,,R,R,,R,,R,I,,+,,,R,S,,,,S,,,,S,S,,,,I,,,R,,,R,
42887,2020-09-18,cat,abdominal cavity,GN,acinetobacter,2020-09-25,True,False,False,False,False,False,False,False,False,False,False,False,True,False,False,False,False,True,False,False,False,False,False,False,False,False,False,False,,,,,,,,,,,,,,,S,S,,,,,S,S,,,,S,,,,,,,,,,,,R,,,S,
42888,2020-09-17,dog,wound,GN,klebsiella,2020-09-22,False,True,False,True,False,False,True,False,False,False,False,False,False,False,False,False,False,False,False,False,False,False,False,False,False,False,True,False,S,S,R,,S,S,,S,,S,S,,S,,S,S,,-,,,S,S,,,,S,,,,S,I,,,,S,,,S,,,S,
42889,2020-10-07,cat,abdominal cavity,GN,escherichia,2020-10-14,True,False,False,False,False,False,False,False,False,False,False,False,False,False,False,False,True,False,False,False,False,False,False,False,False,False,False,False,S,S,R,,R,R,,R,,R,R,,S,,I,R,,+,,,R,S,,,,R,,,,S,S,,,,R,,,R,,,R,
42890,2020-09-21,cat,abdominal cavity,GN,acinetobacter,2020-09-29,False,False,False,False,False,False,False,False,False,False,False,False,True,False,False,False,False,True,False,False,False,False,False,False,False,False,True,False,,,,,,,,,,,,,,,S,S,,,,,S,S,,,,S,,,,,,,,,,,,S,,,S,
42891,2020-09-23,cat,abdominal cavity,GN,pseudomonas,2020-09-28,True,False,False,False,False,False,False,False,False,False,False,False,False,False,False,True,False,True,False,False,False,False,False,False,False,False,False,False,S,,,,,,,,,,,,,,,I,,,,,S,S,,,,S,,,,,,,,,,,,,,,,
42892,2020-09-22,cat,urine,GN,proteus,2020-09-28,False,True,False,True,False,False,True,False,False,False,False,False,False,False,False,False,False,False,False,False,False,False,False,False,False,False,True,False,S,S,S,,S,S,,S,,S,S,,S,,R,S,,,,,S,I,,,,S,,,,S,R,,,,S,,,R,,,S,
42893,2020-09-24,dog,abdominal cavity,GN,escherichia,2020-09-29,False,False,False,False,False,False,False,False,False,False,False,False,False,False,False,True,True,False,False,False,False,False,False,False,False,False,False,False,R,R,R,,R,R,,R,,R,R,,R,,R,R,,+,,,S,S,,,,R,,,,S,S,,,,R,,,R,,,R,
42894,2020-10-26,cat,open wound,GN,escherichia,2020-10-30,True,False,False,False,False,False,False,False,False,False,False,False,False,False,False,False,True,False,False,False,False,False,False,False,False,False,False,False,S,S,R,,R,R,,R,,R,R,,R,,R,R,,+,,,R,S,,,,R,,,,I,S,,,,R,,,R,,,R,
42895,2020-09-26,cat,flank abscess,GN,enterobacter,2020-10-02,False,False,False,False,False,False,False,False,False,False,False,False,True,False,False,False,False,True,False,False,False,False,False,False,False,False,True,False,S,R,,,R,R,,I,,R,S,,I,,S,S,,,,,S,S,,,,S,,,,S,I,,,,S,,,S,,,S,
42896,2021-01-25,cat,abscess,GN,pasteurella,2021-01-28,False,True,False,True,False,False,False,False,False,False,False,False,False,False,False,False,False,False,False,False,False,False,False,False,False,False,True,False,,S,S,,S,,,,,S,S,,S,,,S,,,,,S,S,,,,S,,,,S,,,,,S,,,S,,,S,
42897,2020-10-07,cat,open wound,GN,pasteurella,2020-10-12,False,False,False,False,False,False,False,False,False,False,False,False,False,False,False,True,False,True,False,False,False,False,False,True,False,False,False,False,,R,R,,R,,,,,R,R,,R,,,I,,,,,S,S,,,,S,,,,S,,,,,S,,,R,,,I,
42898,2020-09-30,dog,urine,GN,proteus,2020-10-06,False,False,False,True,False,False,True,False,False,False,False,False,True,False,False,False,False,True,False,False,False,False,False,False,False,False,False,False,S,I,R,,S,S,,S,,S,S,,S,,R,S,,,,,R,S,,,,S,,,,,R,,,,S,,,R,,,S,
42899,2020-10-05,dog,abdominal cavity,GN,escherichia,2020-10-12,True,True,False,False,False,False,False,False,False,False,False,False,True,False,False,False,False,True,False,False,False,False,False,False,False,False,False,False,S,S,S,,S,S,,S,,S,S,,S,,S,S,,-,,,S,S,,,,S,,,,S,S,,,,S,,,S,,,S,
42900,2020-09-30,cat,urine,GN,escherichia,2020-10-07,False,False,False,False,False,False,False,False,False,False,False,False,True,False,False,False,False,True,False,False,False,False,False,False,False,False,True,False,S,R,R,,R,R,,R,,R,R,,R,,I,S,,+,,,R,S,,,,S,,,,S,S,,,,S,,,R,,,S,
42901,2020-10-20,dog,ear exudate,GN,proteus,2020-10-28,False,True,False,True,False,False,True,False,False,False,False,False,False,False,False,False,False,False,False,False,False,False,False,False,False,False,True,False,S,S,S,,S,S,,S,,S,S,,S,,R,S,,,,,S,S,,,,S,,,,S,R,,,,I,,,R,,,S,
42902,2020-10-06,cat,urine,GN,pseudomonas,2020-10-12,False,False,False,False,False,False,False,False,False,False,False,False,True,False,False,False,False,True,False,False,False,False,False,False,False,False,False,False,S,,,,,,,,,,,,,,,S,,,,,S,S,,,,S,,,,,,,,,,,,,,,,
42903,2020-10-16,cat,urine,GN,pseudomonas,2020-10-21,True,False,False,False,False,False,False,False,False,False,False,False,False,False,False,False,True,False,False,False,False,False,False,False,False,False,False,False,S,,,,,,,,,,,,,,,R,,,,,R,S,,,,R,,,,,,,,,,,,,,,,
42904,2020-10-09,cat,surgical site,GN,pseudomonas,2020-10-15,True,False,False,False,False,False,False,False,False,False,False,False,False,False,False,True,False,True,False,False,False,False,False,False,False,False,False,False,S,,,,,,,,,,,,,,,I,,,,,S,S,,,,S,,,,,,,,,,,,,,,,
42905,2020-10-20,dog,surgical site,GN,novosphingobium,2020-10-28,False,True,False,False,False,False,False,False,False,False,False,False,False,False,False,False,False,False,False,False,False,False,False,False,False,False,True,False,,,,,,,,,,,,,,,,,,,,,,,,,,,,,,,,,,,,,,,,,,
42906,2020-10-07,cat,wound,GN,pseudomonas,2020-10-12,False,False,False,False,False,False,False,False,False,False,False,False,False,False,False,False,True,False,False,False,False,False,False,False,False,False,False,False,R,,,,,,,,,,,,,,,R,,,,,R,S,,,,R,,,,,,,,,,,,,,,,
42907,2020-10-20,cat,pleural effusion,GN,burkholderia,2020-10-28,False,False,False,False,False,False,False,False,False,False,False,True,False,False,False,False,False,True,False,False,False,False,False,False,False,False,True,False,R,,,,,,,,,,,,R,,S,R,,,,,R,R,,,,S,,,,,,,,,,,,R,,,S,
42908,2020-10-12,cat,bite wound,GN,serratia,2020-10-19,False,False,False,False,False,False,True,False,False,False,False,False,True,False,False,False,False,True,False,False,False,False,False,False,False,False,True,False,S,R,,,R,R,,S,,,S,,I,,S,S,,,,,S,,,,,S,,,,S,R,,,,S,,,R,,,S,
42909,2020-10-14,cat,tibia,GN,pseudomonas,2020-10-22,False,False,False,False,False,False,False,False,False,False,False,True,True,False,False,False,False,True,False,False,False,False,False,False,False,False,True,False,S,,,,,,,,,,,,I,,S,S,,,,,S,S,,,,S,,,,,,,,,,,,S,,,S,
42910,2020-10-28,dog,urine,GN,pseudomonas,2020-11-02,True,False,False,False,False,False,False,False,False,False,False,False,False,False,False,True,False,True,False,False,False,False,False,False,False,False,False,False,S,,,,,,,,,,,,,,,I,,,,,S,S,,,,S,,,,,,,,,,,,,,,,
42911,2020-10-14,dog,urine,GN,klebsiella,2020-10-19,False,True,False,True,False,False,True,False,False,False,False,False,False,False,False,False,False,False,False,False,False,False,False,False,False,False,True,False,S,S,R,,S,S,,S,,S,S,,S,,S,S,,,,,S,S,,,,S,,,,S,R,,,,S,,,S,,,S,
42912,2020-10-16,dog,surgical site,GN,klebsiella,2020-10-26,False,True,False,True,False,False,True,False,False,False,False,False,False,False,False,False,False,False,False,False,False,False,False,False,False,False,True,False,S,S,R,,S,S,,S,,S,S,,S,,S,S,,-,,,S,S,,,,S,,,,S,I,,,,S,,,S,,,S,
42913,2020-10-15,dog,abdominal cavity,GN,elizabethkingia,2020-10-22,False,False,False,False,False,False,False,False,False,False,False,False,True,False,False,False,False,True,False,False,False,False,False,False,False,False,False,False,R,,,,,,,,,,,,I,,S,S,,,,,R,R,,,,S,,,,,,,,,,,,R,,,R,
42914,2020-10-20,dog,urine,GN,proteus,2020-10-26,False,True,False,True,False,False,True,False,False,False,False,False,False,False,False,False,False,False,False,False,False,False,False,False,False,False,True,False,S,S,S,,S,S,,S,,S,S,,I,,R,S,,,,,S,I,,,,S,,,,S,R,,,,S,,,R,,,S,
42915,2021-01-06,cat,ub mucosa,GN,proteus,2021-01-13,False,True,False,True,False,False,True,False,False,False,False,False,False,False,False,False,False,False,False,False,False,False,False,False,False,False,True,False,S,S,S,,S,S,,S,,S,S,,,,R,I,,,,,S,I,,,,S,,,,S,R,,,,R,,,R,,,S,
42916,2020-10-24,dog,wound,GN,escherichia,2020-10-29,False,False,False,False,False,False,True,False,False,False,False,True,False,False,False,False,False,True,False,False,False,False,False,False,False,False,False,False,S,R,R,,R,R,,S,,S,S,,R,,S,I,,-,,,S,S,,,,S,,,,S,S,,,,I,,,R,,,R,
42917,2020-11-09,dog,ub mucosa,GN,proteus,2020-11-13,False,False,False,True,False,True,True,False,False,False,False,False,False,False,False,False,False,False,False,False,False,False,False,False,False,False,False,False,S,S,R,,S,S,,S,,S,S,,R,,R,R,,,,,R,R,,,,R,,,,S,R,,,,R,,,R,,,R,
42918,2020-10-21,cat,chronic wound,GN,ignatzschineria,2020-10-28,False,True,False,False,False,False,False,False,False,False,False,False,False,False,False,False,False,False,False,False,False,False,False,False,False,False,False,False,,,,,,,,,,,,,,,,,,-,,,,,,,,,,,,,,,,,,,,,,,,
42919,2020-10-25,dog,urine,GN,proteus,2020-10-28,False,True,False,True,False,False,True,False,False,False,False,False,False,False,False,False,False,False,False,False,False,False,False,False,False,False,True,False,S,S,S,,S,S,,S,,S,S,,S,,R,S,,,,,S,I,,,,S,,,,S,R,,,,S,,,R,,,S,
42920,2020-10-28,cat,open wound,GN,serratia,2020-11-03,False,False,False,False,False,False,False,False,False,False,False,True,True,False,False,False,False,True,False,False,False,False,False,False,False,False,True,False,S,R,,,R,R,,S,,,S,,I,,S,S,,,,,S,,,,,S,,,,S,R,,,,S,,,R,,,S,
42921,2020-12-28,dog,urine,GN,escherichia,2020-12-30,False,False,False,True,False,False,True,False,False,False,False,False,False,False,False,False,False,False,False,False,False,False,False,False,False,False,True,False,S,S,R,,S,S,,S,,S,S,,S,,R,R,,-,,,R,S,,,,R,,,,S,S,,,,R,,,R,,,S,
42922,2020-10-30,cat,wound,GN,pasteurella,2020-11-04,False,True,False,True,False,False,False,False,False,False,False,False,False,False,False,False,False,False,False,False,False,False,False,False,False,False,True,False,,S,S,,S,,,,,S,S,,S,,,S,,,,,S,S,,,,S,,,,,,,,,S,,,S,,,S,
42923,2020-11-03,cat,peritoneal effusion,GN,escherichia,2020-11-06,True,False,False,False,False,False,False,False,False,False,False,False,False,False,False,False,True,False,False,False,False,False,False,False,False,False,False,False,S,R,R,,R,R,,R,,R,R,,R,,R,R,,-,,,R,S,,,,R,,,,I,I,,,,R,,,R,,,R,
42924,2020-11-16,dog,bal fluid,GN,klebsiella,2020-11-24,False,False,False,False,False,False,False,False,False,False,False,False,False,False,False,False,True,False,False,False,False,False,False,False,False,False,False,False,R,R,R,,R,R,,R,,R,R,,R,,R,R,,-,,,R,S,,,,R,,,,R,I,,,,R,,,R,,,R,
42925,2020-05-05,dog,urine,GN,klebsiella,2020-05-12,False,False,False,False,False,False,False,False,False,False,False,False,False,False,False,False,False,True,False,False,False,False,False,False,False,False,True,False,S,S,R,,R,R,,R,,R,R,,R,,R,I,,+,,,R,S,,,,S,,,,S,R,,,,I,,,R,,,S,
42926,2020-11-06,dog,urine,GN,escherichia,2020-11-11,False,True,False,True,False,False,True,False,False,False,False,False,False,False,False,False,False,False,False,False,False,False,False,False,False,False,True,False,S,S,S,,S,S,,S,,S,S,,S,,S,I,,-,,,S,S,,,,S,,,,S,S,,,,S,,,S,,,S,
42927,2020-11-18,dog,urine,GN,escherichia,2020-11-24,False,False,False,False,False,False,False,False,False,False,False,False,False,False,True,False,True,False,False,False,False,False,False,False,False,False,False,False,I,R,R,,R,R,,R,,R,R,,R,,R,R,,+,,,R,S,,,,R,,,,S,I,,,,R,,,R,,,R,
42928,2020-12-08,dog,ub mucosa,GN,stenotrophomonas,2020-12-15,False,False,False,False,False,False,False,False,False,False,False,False,False,False,False,False,False,False,False,False,False,False,False,False,False,False,True,False,,,,,,,,,,,,,,,,,,,,,,,,,,,,,,,,,,,,,,,,,S,
42929,2021-03-29,dog,pg abscess,GN,pseudomonas,2021-03-31,False,False,False,False,False,False,False,False,False,False,False,False,False,False,False,False,True,False,False,False,False,False,False,False,False,False,False,False,S,,,,,,,R,,,R,,,,,R,,,,,S,S,,,,R,,,,,,,,,,,,,,,,
42930,2020-11-13,dog,ear: pus,GN,pseudomonas,2020-11-23,True,False,False,False,False,False,False,False,False,False,False,False,False,False,False,True,True,False,False,False,False,False,False,False,False,False,False,False,S,,,,,,,,,,,,,,,R,,,,,S,S,,,,R,,,,,,,,,,,,,,,,
42931,2020-12-09,cat,urine,GN,klebsiella,2020-12-15,False,False,False,True,False,False,True,False,False,False,False,False,False,False,False,False,False,False,False,False,False,False,False,False,False,False,True,False,S,S,R,,S,S,,S,,S,S,,S,,R,I,,-,,,S,S,,,,S,,,,S,I,,,,I,,,R,,,S,
42932,2020-11-11,dog,urine,GN,escherichia,2020-11-17,False,False,False,False,False,False,False,False,False,False,False,False,False,False,False,False,False,True,False,False,False,False,False,False,False,False,True,False,S,R,R,,,R,,,,R,,,S,,,,,+,,,S,,,,,S,,,,,I,,,,,,,R,,,,
42933,2020-11-12,cat,urine,GN,acinetobacter,2020-11-17,False,False,False,False,False,False,False,False,False,False,False,False,True,False,False,False,False,True,False,False,False,False,False,False,False,False,True,False,,,,,,,,,,,,,,,S,S,,,,,S,S,,,,S,,,,,,,,,,,,S,,,S,
42934,2020-11-27,dog,open wound,GN,pseudomonas,2020-12-01,False,False,False,False,False,False,False,False,False,False,False,False,False,False,False,False,False,True,False,False,False,False,False,False,False,False,False,False,S,,,,,,,,,,,,,,,I,,,,,S,S,,,,S,,,,,,,,,,,,,,,,
42935,2020-11-16,dog,urine,GN,klebsiella,2020-11-23,True,False,False,False,False,False,False,False,False,False,False,False,False,False,False,False,True,False,False,False,False,False,False,False,False,False,False,False,S,I,R,,R,R,,R,,R,R,,S,,R,R,,+,,,R,S,,,,R,,,,S,I,,,,R,,,R,,,R,
42936,2020-11-15,cat,urine,GN,acinetobacter,2020-11-23,False,False,False,False,False,False,False,False,False,False,False,False,False,False,False,False,False,False,False,False,False,False,False,False,False,False,False,False,,,,,,,,,,,,,,,R,R,,,,,R,R,,,,R,,,,,,,,,,,,R,,,R,
42937,2020-11-24,dog,abdominal cavity,GN,pseudomonas,2020-12-01,True,False,False,False,False,False,False,False,False,False,False,False,False,False,False,True,False,True,False,False,False,False,False,False,False,False,False,False,S,,,,,,,,,,,,,,,I,,,,,S,S,,,,S,,,,,,,,,,,,,,,,
42938,2020-11-25,cat,urine,GN,escherichia,2020-12-01,False,True,False,True,False,False,True,False,False,False,False,False,False,False,False,False,False,False,False,False,False,False,False,False,False,False,True,False,S,S,S,,S,S,,S,,S,S,,S,,S,S,,-,,,S,S,,,,S,,,,S,S,,,,S,,,S,,,S,
42939,2020-11-18,dog,abscess,GN,escherichia,2020-11-26,False,False,False,False,False,False,False,False,False,False,False,False,False,False,False,False,False,False,False,False,False,False,False,False,False,False,True,False,S,R,R,,R,R,,S,,S,S,,S,,R,R,,-,,,S,S,,,,R,,,,I,S,,,,R,,,R,,,S,
42940,2020-12-22,cat,bronchoalveolar,GN,pseudomonas,2020-12-25,False,False,False,False,False,False,False,False,False,False,False,False,True,False,False,False,True,True,False,False,False,False,False,False,False,False,False,False,R,,,,,,,,,,,,,,,S,,,,,R,S,,,,S,,,,,,,,,,,,,,,,
42941,2020-11-24,dog,urine,GN,klebsiella,2020-11-27,False,True,False,True,False,False,True,False,False,False,False,False,False,False,False,False,False,False,False,False,False,False,False,False,False,False,True,False,S,S,R,,S,S,,S,,S,S,,S,,S,S,,-,,,S,S,,,,S,,,,S,R,,,,S,,,S,,,S,
42942,2020-11-23,dog,urine,GN,escherichia,2020-11-27,False,True,False,True,False,False,True,False,False,False,False,False,False,False,False,False,False,False,False,False,False,False,False,False,False,False,True,False,S,S,S,,S,S,,S,,S,S,,S,,S,S,,-,,,S,S,,,,S,,,,S,S,,,,S,,,S,,,S,
42943,2020-11-25,cat,open wound,GN,serratia,2020-12-01,False,False,False,False,False,False,False,False,False,False,False,True,False,False,False,False,False,False,False,False,False,False,False,False,False,False,False,False,R,R,,,R,R,,R,,,R,,S,,S,R,,,,,R,,,,,I,,,,S,R,,,,I,,,R,,,R,
42944,2020-12-07,dog,ub mucosa,GN,pseudomonas,2020-12-15,True,False,False,False,False,False,False,False,False,False,False,False,False,False,False,False,True,False,False,False,False,False,False,False,False,False,False,False,S,,,,,,,,,,,,,,,R,,,,,I,S,,,,R,,,,,,,,,,,,,,,,
42945,2021-01-21,dog,ub mucosa,GN,escherichia,2021-01-27,True,False,False,True,False,False,False,False,False,False,False,False,False,False,False,True,False,False,False,False,True,False,False,False,False,False,False,False,S,R,R,,S,S,,I,,S,S,,I,,R,R,,-,,,S,S,,,,R,,,,S,S,,,,R,,,R,,,R,
42946,2020-12-01,dog,urine,GN,pseudomonas,2020-12-04,True,False,False,False,False,False,False,False,False,False,False,False,False,False,False,True,False,True,False,False,False,False,False,False,False,False,False,False,S,,,,,,,,,,,,,,,I,,,,,S,S,,,,S,,,,,,,,,,,,,,,,
42947,2020-12-15,cat,ear wax,GN,pseudomonas,2020-12-18,True,False,False,False,False,False,False,False,False,False,False,False,False,False,False,False,False,True,False,False,False,False,False,False,False,False,False,False,S,,,,,,,,,,,,,,,I,,,,,S,S,,,,S,,,,,,,,,,,,,,,,
42948,2021-01-04,dog,urine,GN,proteus,2021-01-07,True,False,False,False,False,False,False,False,False,False,False,False,False,False,False,False,True,False,False,False,False,False,False,False,False,False,False,False,S,S,R,,R,R,,R,,R,R,,R,,R,R,,,,,R,I,,,,R,,,,S,R,,,,R,,,R,,,R,
42949,2020-12-06,dog,ear exudate,GN,proteus,2020-12-14,False,False,False,False,False,True,True,False,False,False,False,False,True,False,False,False,False,True,False,False,False,False,False,False,False,False,False,False,S,S,R,,I,S,,S,,S,S,,R,,R,S,,,,,S,R,,,,S,,,,S,R,,,,S,,,R,,,R,
42950,2020-12-08,cat,pleural fluid,GN,neisseria,2020-12-15,False,True,False,False,False,False,False,False,False,False,False,False,False,False,False,True,False,True,False,False,False,False,False,False,False,False,False,False,R,S,S,,S,S,,,,S,,,S,,S,,,-,,,S,,,,,S,,,,,S,,,,,,,S,,,,
42951,2020-12-27,dog,skin swab,GN,pseudomonas,2020-12-30,True,False,False,False,False,False,False,False,False,False,False,False,True,False,False,True,False,True,False,False,False,False,False,False,False,False,False,False,S,,,,,,,,,,,,,,,S,,,,,S,S,,,,S,,,,,,,,,,,,,,,,
42952,2020-12-14,cat,urine,GN,pseudomonas,2020-12-17,True,False,False,False,False,False,False,False,False,False,False,False,False,False,False,True,False,True,False,False,False,False,False,False,False,False,False,False,S,,,,,,,,,,,,,,,I,,,,,S,S,,,,S,,,,,,,,,,,,,,,,
42953,2020-12-18,cat,urine,GN,pseudomonas,2020-12-23,True,False,False,False,False,False,False,False,False,False,False,False,False,False,False,True,False,True,False,False,False,False,False,False,False,False,False,False,S,,,,,,,,,,,,,,,I,,,,,S,S,,,,S,,,,,,,,,,,,,,,,
42954,2020-12-16,dog,urine,GN,enterobacter,2020-12-21,False,False,False,False,False,False,True,False,False,False,False,False,True,False,False,False,False,True,False,False,False,False,False,False,False,False,True,False,S,R,,,R,R,,S,,R,S,,S,,S,S,,,,,S,S,,,,S,,,,S,I,,,,S,,,S,,,S,
42955,2020-12-14,cat,pleural effusion,GN,pasteurella,2020-12-18,False,True,False,False,False,False,False,False,False,False,False,False,True,False,False,False,False,True,False,False,False,False,False,False,False,False,False,False,,S,S,,S,,,,,S,S,,S,,,S,,,,,I,S,,,,S,,,,S,,,,,S,,,S,,,S,
42956,2020-05-19,dog,urine,GN,escherichia,2020-05-21,False,True,False,True,False,False,True,False,False,False,False,False,False,False,False,False,False,False,False,False,False,False,False,False,False,False,True,False,S,S,R,,S,R,,S,,S,S,,I,,R,S,,-,,,S,S,,,,S,,,,S,S,,,,S,,,R,,,S,
42957,2021-04-01,dog,open wound,GN,pseudomonas,2021-04-08,True,False,False,False,False,False,False,False,False,False,False,False,False,False,False,True,False,False,False,False,False,False,False,False,False,False,False,False,S,,,,,,,R,,,R,,,,,R,,,,,S,R,,,,R,,,,,,,,,,,,,,,,
42958,2021-01-07,dog,surgical site,GN,pseudomonas,2021-01-12,True,False,False,False,False,False,False,False,False,False,False,False,False,False,False,True,False,True,False,False,False,False,False,False,False,False,False,False,S,,,,,,,,,,,,,,,I,,,,,S,S,,,,S,,,,,,,,,,,,,,,,
42959,2020-12-17,cat,urine,GN,burkholderia,2020-12-23,False,False,False,False,False,False,False,False,False,False,False,False,False,False,False,False,False,False,False,False,False,False,False,False,False,False,True,False,R,,,,,,,,,,,,R,,I,R,,,,,R,R,,,,R,,,,,,,,,,,,R,,,S,
42960,2020-12-17,cat,urine,GN,pasteurella,2020-12-24,False,True,False,True,False,False,False,False,False,False,False,False,False,False,False,False,False,False,False,False,False,False,False,False,False,False,True,False,,S,S,,S,,,,,S,S,,S,,,S,,,,,S,S,,,,S,,,,S,,,,,S,,,S,,,S,
42961,2021-01-18,dog,urine,GN,acinetobacter,2021-01-21,False,False,False,False,False,False,False,False,False,False,False,False,False,False,False,False,False,False,False,False,False,False,False,False,False,False,False,False,,,,,,,,,,,,,,,R,R,,,,,R,R,,,,R,,,,,,,,,,,,R,,,R,
42962,2020-12-22,cat,abdominal cavity,GN,enterobacter,2020-12-28,False,False,False,False,False,False,False,False,False,False,False,False,True,False,False,False,False,True,False,False,False,False,False,False,False,False,True,False,S,R,,,R,R,,I,,R,S,,I,,S,S,,,,,S,S,,,,S,,,,S,I,,,,S,,,S,,,S,
42963,2020-12-23,cat,root tooth abscess,GN,pasteurella,2020-12-28,False,True,False,False,False,False,False,False,False,False,False,False,False,False,False,False,False,False,False,False,False,False,False,False,False,False,True,False,,S,S,,S,,,,,S,S,,S,,,S,,,,,S,S,,,,S,,,,S,,,,,S,,,S,,,S,
42964,2020-12-25,dog,urine,GN,escherichia,2020-12-30,False,True,False,True,False,False,True,False,False,False,False,False,False,False,False,False,False,False,False,False,False,False,False,False,False,False,True,False,S,S,S,,S,S,,S,,S,S,,S,,S,S,,-,,,S,S,,,,S,,,,S,S,,,,S,,,S,,,S,
42965,2021-01-05,cat,open wound,GN,pseudomonas,2021-01-08,False,False,False,False,False,False,False,False,False,False,False,False,False,False,False,False,False,True,False,False,False,False,False,False,False,False,True,False,S,,,,,,,,,,,,R,,S,S,,,,,S,S,,,,S,,,,,,,,,,,,I,,,S,
42966,2021-03-28,cat,wound,GN,pasteurella,2021-04-01,False,True,False,False,False,False,True,False,False,False,False,False,False,False,False,False,False,False,False,False,False,False,False,False,False,False,False,False,,,,,,,,S,,S,S,,S,,,S,,,,,,S,,,,S,,,,S,,,,,S,,,S,,,,
42967,2021-01-18,cat,urine,GN,pseudomonas,2021-01-21,True,False,False,False,False,False,False,False,False,False,False,False,False,False,False,True,False,True,False,False,False,False,False,False,False,False,False,False,S,,,,,,,,,,,,,,,I,,,,,S,S,,,,S,,,,,,,,,,,,,,,,
42968,2021-04-28,dog,urine,GN,escherichia,2021-05-03,False,False,False,True,False,False,True,False,False,False,False,False,False,False,False,False,False,False,False,False,False,False,False,False,False,False,True,False,S,S,R,,S,S,,S,,S,S,,I,,S,S,,-,,,S,S,,,,S,,,,S,S,,,,S,,,S,,,S,
42969,2021-01-21,cat,urine,GN,escherichia,2021-01-27,True,False,False,True,False,False,True,False,False,False,False,False,False,False,False,False,False,False,False,False,False,False,False,False,False,False,False,False,S,R,R,,S,S,,S,,S,S,,R,,R,R,,-,,,R,S,,,,R,,,,I,S,,,,R,,,R,,,R,
42970,2021-01-18,dog,abscess,GN,aeromonas,2021-01-21,False,False,False,False,False,False,False,False,False,False,False,False,True,False,False,False,False,True,False,False,False,False,False,False,False,False,True,False,S,I,,,,,,,,,,,S,,,S,,,,,S,I,,,,S,,,,,,,,,,,,S,,,S,
42971,2021-01-13,cat,hemoculture,GN,burkholderia,2021-01-18,False,False,False,False,False,False,False,False,False,False,False,True,False,False,False,False,False,True,False,False,False,False,False,False,False,False,True,False,R,,,,,,,,,,,,R,,S,R,,,,,R,R,,,,S,,,,,,,,,,,,R,,,S,
42972,2021-01-13,cat,pleural fluid,GN,pasteurella,2021-01-19,False,True,False,False,False,False,False,False,False,False,False,False,True,False,False,False,False,True,False,False,False,False,False,False,False,False,True,False,,S,S,,S,,,,,S,S,,S,,,S,,,,,S,S,,,,S,,,,S,,,,,S,,,S,,,,
42973,2021-01-13,cat,urine,GN,escherichia,2021-01-18,False,False,False,True,False,False,True,False,False,False,False,False,False,False,False,False,False,False,False,False,False,False,False,False,False,False,True,False,S,S,R,,S,S,,S,,S,S,,S,,R,R,,-,,,S,S,,,,R,,,,S,S,,,,R,,,R,,,S,
42974,2021-01-12,dog,bite wound,GN,methylobacterium,2021-01-20,False,True,False,True,False,False,True,False,False,False,False,False,False,False,False,False,False,False,False,False,False,False,False,False,False,False,True,False,S,S,S,,S,S,,S,,S,S,,S,,S,S,,-,,,S,S,,,,S,,,,S,S,,,,S,,,R,,,S,
42975,2021-01-15,dog,urine,GN,proteus,2021-01-20,False,True,False,True,False,False,True,False,False,False,False,False,False,False,False,False,False,False,False,False,False,False,False,False,False,False,True,False,S,S,S,,S,S,,S,,S,S,,I,,R,S,,,,,S,S,,,,S,,,,S,R,,,,S,,,R,,,S,
42976,2021-01-15,dog,lung,GN,escherichia,2021-01-20,False,True,False,False,False,False,False,False,False,False,False,False,True,False,False,False,False,True,False,False,False,False,False,False,False,False,False,False,S,S,R,,R,I,,S,,S,S,,S,,R,S,,-,,,S,S,,,,S,,,,S,S,,,,S,,,I,,,R,
42977,2021-01-20,dog,wound,GN,klebsiella,2021-01-27,False,True,False,True,False,False,True,False,False,False,False,False,False,False,False,False,False,False,False,False,False,False,False,False,False,False,True,False,S,S,R,,S,S,,S,,S,S,,S,,R,I,,-,,,S,S,,,,S,,,,S,I,,,,I,,,R,,,S,
42978,2021-01-22,cat,open wound,GN,pseudomonas,2021-01-28,True,False,False,False,False,False,False,False,False,False,False,False,False,False,False,True,False,True,False,False,False,False,False,False,False,False,False,False,S,,,,,,,,,,,,,,,I,,,,,S,S,,,,S,,,,,,,,,,,,,,,,
42979,2021-05-16,dog,blood,GN,klebsiella,2021-05-19,True,False,False,False,False,False,False,False,False,False,False,False,False,False,False,False,True,False,False,False,False,False,False,False,False,False,False,False,S,R,R,,S,S,,S,,S,S,,I,,R,R,,+,,,R,S,,,,R,,,,S,R,,,,R,,,R,,,R,
42980,2021-03-24,cat,bile,GN,enterobacter,2021-03-30,False,False,False,False,False,False,False,False,False,False,False,False,True,False,False,False,False,True,False,False,False,False,False,False,False,False,True,False,S,R,,,R,R,,S,,S,S,,S,,S,S,,,,,S,S,,,,S,,,,S,S,,,,S,,,S,,,S,
42981,2021-04-30,dog,open wound,GN,escherichia,2021-05-05,True,False,False,False,False,False,False,False,False,False,False,False,False,False,False,True,False,True,False,False,False,False,False,False,False,False,False,False,S,R,R,,R,R,,R,,R,R,,R,,R,I,,+,,,S,S,,,,S,,,,I,S,,,,I,,,R,,,R,
42982,2021-05-12,dog,surgical site,GN,escherichia,2021-05-03,True,False,False,False,False,False,False,False,False,False,False,False,False,False,False,True,False,True,False,False,False,False,False,False,False,False,False,False,S,R,R,,R,R,,R,,R,R,,R,,R,I,,+,,,S,S,,,,S,,,,I,S,,,,I,,,R,,,R,
42983,2021-04-07,cat,urine,GN,klebsiella,2021-04-09,True,False,False,False,False,False,False,False,False,False,False,False,False,False,False,False,True,False,False,False,False,False,False,False,False,False,False,False,S,R,R,,R,R,,R,,R,R,,R,,R,R,,-,,,S,S,,,,R,,,,S,R,,,,R,,,R,,,R,
42984,2021-04-02,dog,urine,GN,pseudomonas,2021-04-08,True,False,False,False,False,False,False,False,False,False,False,False,False,False,False,True,False,True,False,False,False,False,False,False,False,False,False,False,S,,,,,,,R,,,R,,,,,I,,,,,S,S,,,,S,,,,,,,,,,,,,,,,
42985,2021-03-23,cat,urine,GN,pseudomonas,2021-03-29,True,False,False,False,False,False,False,False,False,False,False,False,False,False,False,True,False,True,False,False,False,False,False,False,False,False,False,False,S,,,,,,,R,,,R,,,,,I,,,,,S,S,,,,S,,,,,,,,,,,,,,,,
42986,2021-04-02,cat,urine,GN,escherichia,2021-04-08,True,False,False,True,False,False,True,False,False,False,False,False,False,False,False,False,False,False,False,False,False,False,False,False,False,False,False,False,S,S,R,,S,S,,S,,S,S,,R,,R,R,,-,,,S,S,,,,R,,,,S,I,,,,R,,,R,,,R,
42987,2021-03-23,dog,open wound,GN,pasteurella,2021-03-29,False,False,False,False,False,True,True,False,False,False,False,False,False,False,False,False,False,False,False,False,False,False,False,False,False,False,False,False,,,,,,,,S,,,S,,,,,R,,,,,,S,,,,R,,,,S,,,,,,,,,,,,
42988,2021-04-19,dog,ub mucosa,GN,escherichia,2021-04-21,False,False,False,True,False,False,True,False,False,False,False,False,False,False,False,False,False,False,False,False,True,False,False,False,False,False,False,False,S,S,R,,S,I,,S,,S,S,,R,,R,R,,-,,,S,S,,,,R,,,,S,S,,,,R,,,R,,,R,
42989,2021-03-25,dog,urine,GN,escherichia,2021-03-30,False,False,False,False,False,False,False,False,False,False,False,False,False,False,False,True,True,False,False,False,True,False,False,False,False,False,True,False,I,R,R,,R,R,,R,,R,R,,S,,I,R,,+,,,S,S,,,,R,,,,S,S,,,,R,,,R,,,S,
42990,2021-03-31,dog,abdominal fluid,GN,escherichia,2021-04-07,False,False,False,False,False,False,False,False,False,False,False,False,True,False,False,False,False,True,False,False,False,False,False,False,False,False,True,False,S,R,I,,R,R,,S,,S,S,,S,,S,S,,-,,,S,S,,,,S,,,,S,S,,,,S,,,S,,,S,
42991,2021-04-01,dog,abdominal cavity,GN,escherichia,2021-04-09,True,False,False,False,False,False,False,False,False,False,False,False,False,False,False,True,True,False,False,False,False,False,False,False,False,False,True,False,S,R,R,,R,R,,S,,S,S,,I,,R,R,,-,,,S,S,,,,R,,,,S,S,,,,R,,,R,,,S,
42992,2021-03-31,cat,pleural fluid,GN,pasteurella,2021-04-07,False,True,False,False,False,False,False,False,False,False,False,False,True,False,False,False,False,True,False,False,False,False,False,False,False,False,False,False,,,,,,,,S,,S,S,,S,,,S,,,,,,S,,,,S,,,,S,,,,,S,,,S,,,,
42993,2021-04-05,cat,abdominal cavity,GN,aeromonas,2021-04-16,False,False,False,False,False,False,False,False,False,False,False,False,True,False,False,False,False,True,False,False,False,False,False,False,False,False,True,False,S,I,,,,,,S,,,R,,S,,,S,,,,,S,R,,,,S,,,,,,,,,,,,S,,,S,
42994,2021-05-17,dog,open wound,GN,escherichia,2021-05-20,True,False,False,False,False,False,False,False,False,False,False,False,False,False,False,True,False,False,False,False,False,False,False,False,False,False,True,False,S,R,R,,R,R,,R,,R,R,,R,,R,R,,-,,,S,S,,,,R,,,,I,S,,,,R,,,R,,,S,
42995,2021-05-13,dog,ub mucosa,GN,pseudomonas,2021-05-19,True,False,False,False,False,False,False,False,False,False,False,False,False,False,False,True,False,True,False,False,False,False,False,False,False,False,False,False,S,,,,,,,,,,,,,,,I,,,,,S,S,,,,S,,,,,,,,,,,,,,,,
42996,2021-04-20,cat,swab,GN,burkholderia,2021-04-28,False,False,False,False,False,False,False,False,False,False,False,True,False,False,False,False,False,True,False,False,False,False,False,False,False,False,True,False,R,,,,,,,,,,,,I,,S,S,,,,,R,R,,,,S,,,,,,,,,,,,R,,,S,
42997,2021-04-23,dog,urine,GN,escherichia,2021-04-28,False,True,False,True,False,False,True,False,False,False,False,False,False,False,False,False,False,False,False,False,False,False,False,False,False,False,False,False,S,S,R,,S,S,,S,,S,S,,R,,S,R,,-,,,S,S,,,,R,,,,R,S,,,,R,,,R,,,R,
42998,2021-04-29,cat,open wound,GN,proteus,2021-05-05,False,True,False,False,False,False,True,False,False,False,False,False,False,False,False,False,False,False,False,False,False,False,False,False,False,False,True,False,S,S,S,,I,S,,S,,S,S,,I,,R,S,,,,,S,I,,,,S,,,,S,R,,,,S,,,R,,,S,
42999,2021-04-30,dog,pus,GN,pseudomonas,2021-05-07,False,False,False,False,False,False,False,False,False,False,False,False,False,False,False,False,False,True,False,False,False,False,False,False,False,False,False,False,R,,,,,,,,,,,,,,,I,,,,,R,S,,,,S,,,,,,,,,,,,,,,,
43000,2021-05-08,dog,ear swab,GN,pseudomonas,2021-05-14,False,False,False,False,False,False,False,False,False,False,False,False,False,False,False,False,False,True,False,False,False,False,False,False,False,False,False,False,I,,,,,,,,,,,,,,,I,,,,,I,S,,,,S,,,,,,,,,,,,,,,,
43001,2021-05-13,dog,urine,GN,pseudomonas,2021-05-19,True,False,False,False,False,False,False,False,False,False,False,False,False,False,False,True,False,True,False,False,False,False,False,False,False,False,False,False,S,,,,,,,,,,,,,,,I,,,,,S,S,,,,S,,,,,,,,,,,,,,,,
43002,2021-05-18,cat,urine,GN,escherichia,2021-05-25,False,True,False,True,False,False,True,False,False,False,False,False,False,False,False,False,False,False,False,False,False,False,False,False,False,False,True,False,S,S,S,,S,S,,S,,S,S,,S,,S,S,,-,,,S,S,,,,S,,,,S,S,,,,S,,,S,,,S,
43003,2021-05-20,cat,urine,GN,escherichia,2021-05-25,True,False,False,False,False,False,False,False,False,False,False,False,False,False,False,True,False,False,False,False,True,False,False,False,False,False,True,False,S,R,R,,R,R,,R,,R,R,,S,,R,R,,-,,,S,S,,,,R,,,,S,S,,,,R,,,R,,,S,
43004,2021-05-22,cat,wound,GN,pseudomonas,2021-05-31,True,False,False,False,False,False,False,False,False,False,False,False,False,False,False,True,False,True,False,False,False,False,False,False,False,False,False,False,S,,,,,,,,,,,,,,,I,,,,,S,S,,,,S,,,,,,,,,,,,,,,,
43005,2021-05-25,cat,open wound,GN,klebsiella,2021-05-28,False,True,False,True,False,False,True,False,False,False,False,False,False,False,False,False,False,False,False,False,False,False,False,False,False,False,True,False,S,S,R,,S,S,,S,,S,S,,S,,S,S,,-,,,S,S,,,,S,,,,S,I,,,,S,,,S,,,S,
43006,2021-05-02,dog,ear exudate,GN,proteus,2021-05-11,False,True,False,False,False,False,True,False,False,False,False,False,False,False,False,False,False,False,False,False,False,False,False,False,False,False,True,False,S,S,S,,I,S,,S,,S,S,,S,,R,S,,,,,S,R,,,,S,,,,S,R,,,,S,,,R,,,S,
43007,2021-01-20,dog,ear swab,GN,pseudomonas,2021-01-21,True,False,False,False,False,False,False,False,False,False,False,False,False,False,False,False,True,False,False,False,False,False,False,False,False,False,False,False,S,,,,,,,,,,,,,,,I,,,,,I,S,,,,I,,,,,,,,,,,,,,,,
43008,2021-01-25,cat,abdominal fluid,GN,escherichia,2021-01-28,True,False,False,False,False,False,False,False,False,False,False,False,False,False,False,False,True,False,False,False,False,False,False,False,False,False,True,False,S,R,R,,R,R,,S,,S,S,,R,,R,R,,-,,,R,S,,,,R,,,,S,S,,,,R,,,R,,,S,
43009,2021-02-05,dog,urine,GN,klebsiella,2021-02-10,False,False,False,False,False,False,False,False,False,False,False,False,False,False,False,False,True,False,False,False,False,False,False,False,False,False,False,False,R,R,R,,R,R,,R,,R,R,,R,,R,R,,+,,,R,S,,,,R,,,,R,R,,,,R,,,I,,,R,
43010,2021-04-19,dog,urine,GN,pseudomonas,2021-04-23,True,False,False,False,False,False,False,False,False,False,False,False,False,False,False,True,False,True,False,False,False,False,False,False,False,False,False,False,S,,,,,,,R,,,R,,,,,I,,,,,S,S,,,,S,,,,,,,,,,,,,,,,
43011,2021-05-03,dog,urine,GN,proteus,2021-05-11,True,False,False,False,False,False,False,False,False,False,False,False,False,False,False,False,False,False,False,False,False,False,False,False,False,False,False,False,S,I,R,,R,R,,R,,R,R,,R,,R,R,,,,,R,R,,,,R,,,,S,R,,,,R,,,R,,,R,
43012,2020-05-05,dog,fluid,GN,escherichia,2020-05-12,True,False,False,False,False,False,False,False,False,False,False,False,False,False,False,True,True,False,False,False,False,False,False,False,False,False,False,False,S,R,R,,R,R,,S,,S,S,,R,,R,R,,-,,,S,S,,,,R,,,,S,I,,,,R,,,R,,,R,
43013,2020-07-01,dog,nasal cavity,GN,acinetobacter,2020-07-15,False,False,False,False,False,False,False,False,False,False,False,True,False,False,False,False,False,False,False,False,False,False,False,False,False,False,True,False,S,,,,,,,,,,,,,,S,R,,,,,S,S,,,,R,,,,,,,,,,,,S,,,S,
43014,2020-07-13,dog,urine,GN,pseudomonas,2020-07-17,False,False,False,False,False,False,False,False,False,False,False,False,False,False,False,False,True,False,False,False,False,False,False,False,False,False,False,False,I,,,,,,,,,,,,,,,R,,,,,R,S,,,,R,,,,,,,,,,,,,,,,
43015,2020-07-01,cat,urine,GN,acinetobacter,2020-07-31,False,False,False,False,False,False,False,False,False,False,False,False,False,False,False,False,False,False,False,False,False,False,False,False,False,False,False,False,,,,,,,,,,,,,,,R,R,,,,,R,R,,,,R,,,,,,,,,,,,R,,,R,
43016,2020-08-17,dog,urine,GN,proteus,2020-08-20,False,False,False,True,False,False,True,False,False,False,False,False,False,False,False,False,False,False,False,False,False,False,False,False,False,False,True,False,S,I,R,,S,S,,S,,S,S,,I,,R,R,,,,,S,S,,,,R,,,,,R,,,,,,,R,,,S,
43017,2020-08-21,dog,pus,GN,klebsiella,2020-08-26,False,False,False,False,False,False,False,False,False,False,False,False,False,False,False,False,True,False,False,False,False,False,False,False,False,False,True,False,R,R,R,,R,R,,R,,R,R,,S,,R,R,,+,,,R,S,,,,R,,,,S,R,,,,R,,,R,,,S,
43018,2020-09-08,dog,pus,GN,pseudomonas,2020-09-11,True,False,False,False,False,False,False,False,False,False,False,False,True,False,False,True,False,True,False,False,False,False,False,False,False,False,False,False,S,,,,,,,,,,,,,,,S,,,,,S,S,,,,S,,,,,,,,,,,,,,,,
43019,2020-10-05,cat,urine,GN,klebsiella,2020-10-09,True,False,False,False,False,False,False,False,False,False,False,False,False,False,False,False,True,False,False,False,False,False,False,False,False,False,True,False,S,R,R,,R,R,,R,,I,I,,I,,R,R,,-,,,R,S,,,,R,,,,R,I,,,,R,,,R,,,S,
43020,2020-10-05,dog,wound,GN,escherichia,2020-10-09,False,True,False,False,False,False,True,False,False,False,False,True,False,False,False,False,False,False,False,False,False,False,False,False,False,False,True,False,S,S,R,,R,I,,S,,S,S,,S,,S,S,,-,,,S,S,,,,S,,,,S,S,,,,S,,,S,,,S,
43021,2020-10-08,dog,urine,GN,escherichia,2020-10-14,True,False,False,False,False,False,False,False,False,False,False,False,False,False,False,True,True,False,False,False,True,False,False,False,False,False,False,False,S,R,R,,R,R,,R,,R,R,,I,,R,R,,+,,,S,S,,,,R,,,,S,S,,,,R,,,R,,,R,
43022,2020-10-19,dog,urine,GN,escherichia,2020-10-22,True,False,False,True,False,False,True,False,False,False,False,False,False,False,False,True,False,False,False,False,False,False,False,False,False,False,False,False,S,S,R,,S,R,,S,,S,S,,R,,R,R,,-,,,S,S,,,,R,,,,S,S,,,,R,,,R,,,R,
43023,2020-10-19,dog,urine,GN,klebsiella,2020-10-22,False,False,False,False,False,False,False,False,False,False,False,False,False,False,False,False,True,False,False,False,True,False,False,False,False,False,False,False,R,I,R,,R,R,,R,,R,R,,S,,S,R,,+,,,R,S,,,,R,,,,R,S,,,,R,,,S,,,S,
43024,2020-10-20,cat,urine,GN,pseudomonas,2020-10-28,True,False,False,False,False,False,False,False,False,False,False,False,False,False,False,True,False,True,False,False,False,False,False,False,False,False,False,False,S,,,,,,,,,,,,,,,I,,,,,S,S,,,,S,,,,,,,,,,,,,,,,
43025,2020-10-26,cat,urine,GN,acinetobacter,2020-10-28,False,False,False,False,False,False,False,False,False,False,False,False,False,False,False,False,False,False,False,False,False,False,False,False,False,False,False,False,,,,,,,,,,,,,,,R,R,,,,,R,R,,,,R,,,,,,,,,,,,R,,,R,
43026,2020-11-24,cat,urine,GN,klebsiella,2020-11-27,True,False,False,False,False,False,False,False,False,False,False,False,False,False,False,False,True,False,False,False,False,False,False,False,False,False,True,False,S,R,R,,R,R,,R,,R,R,,S,,R,R,,-,,,R,S,,,,R,,,,S,I,,,,R,,,R,,,S,
43027,2020-12-02,dog,urine,GN,klebsiella,2020-12-07,False,False,False,False,False,False,False,False,False,False,False,False,False,False,False,False,True,False,False,False,False,False,False,False,False,False,False,False,R,R,R,,R,R,,R,,R,R,,R,,R,R,,+,,,R,R,,,,R,,,,S,R,,,,R,,,R,,,S,
43028,2020-12-01,cat,urine,GN,acinetobacter,2020-12-25,False,False,False,False,False,False,False,False,False,False,False,False,False,False,False,True,False,False,False,False,False,False,False,False,False,False,False,False,,,,,,,,,,,,,,,R,R,,,,,S,R,,,,R,,,,,,,,,,,,R,,,R,
43029,2021-01-06,dog,purulent,GN,escherichia,2021-01-11,False,False,False,False,False,False,True,False,False,False,False,True,True,False,False,False,False,True,False,False,False,False,False,False,False,False,True,False,S,R,S,,R,R,,S,,S,S,,S,,S,S,,-,,,S,S,,,,S,,,,S,S,,,,S,,,S,,,S,
43030,2020-10-09,dog,urine,GN,proteus,2020-10-15,False,True,False,True,False,False,True,False,False,False,False,False,False,False,False,False,False,False,False,False,False,False,False,False,False,False,True,False,S,S,R,,S,S,,S,,S,S,,R,,R,S,,,,,S,I,,,,S,,,,I,R,,,,S,,,R,,,S,
43031,2020-10-30,dog,urine,GN,proteus,2020-11-04,True,False,False,False,False,False,False,False,False,False,False,False,False,False,False,False,False,True,False,False,False,False,False,False,False,False,False,False,S,R,R,,R,R,,R,,R,R,,R,,R,I,,,,,R,R,,,,S,,,,S,R,,,,I,,,R,,,R,
43032,2020-07-21,dog,urine,GN,proteus,2020-07-24,True,False,False,False,False,False,False,False,False,False,False,False,False,False,False,False,False,False,False,False,False,False,False,False,False,False,False,False,S,R,R,,R,R,,R,,R,R,,R,,R,R,,,,,R,I,,,,R,,,,I,R,,,,R,,,R,,,R,
43033,2020-10-22,cat,urine,GN,pseudomonas,2020-10-28,True,False,False,False,False,False,False,False,False,False,False,False,False,False,False,False,True,False,False,False,False,False,False,False,False,False,False,False,S,,,,,,,,,,,,,,,R,,,,,R,S,,,,R,,,,,,,,,,,,,,,,
43034,2020-11-27,cat,urine,GN,klebsiella,2020-12-01,True,False,False,False,False,False,False,False,False,False,False,False,False,False,False,True,True,False,False,False,False,False,False,False,False,False,False,False,S,R,R,,R,R,,I,,I,I,,R,,R,R,,-,,,S,S,,,,R,,,,S,R,,,,R,,,R,,,R,
43035,2020-10-21,dog,otitis,GN,proteus,2020-10-28,False,True,False,False,False,False,True,False,False,False,False,False,False,False,False,False,False,False,False,False,False,False,False,False,False,False,True,False,S,S,S,,I,S,,S,,S,S,,S,,R,S,,,,,S,R,,,,S,,,,R,R,,,,S,,,R,,,S,
43036,2020-12-16,cat,wound,GN,proteus,2020-12-25,False,False,False,False,False,False,True,False,False,False,False,False,False,False,False,False,False,False,False,False,False,False,False,False,False,False,False,False,R,R,R,,R,R,,S,,R,S,,R,,R,R,,,,,R,R,,,,R,,,,S,R,,,,R,,,R,,,R,
43037,2020-11-02,cat,urine,GN,pseudomonas,2020-11-04,True,False,False,False,False,False,False,False,False,False,False,False,False,False,False,True,True,False,False,False,False,False,False,False,False,False,False,False,S,,,,,,,,,,,,,,,R,,,,,S,S,,,,R,,,,,,,,,,,,,,,,
43038,2021-01-16,dog,urine,GN,pseudomonas,2021-01-22,False,False,False,False,False,False,False,False,False,False,False,False,False,False,False,False,True,False,False,False,False,False,False,False,False,False,False,False,R,,,,,,,,,,,,,,,R,,,,,R,S,,,,R,,,,,,,,,,,,,,,,
43039,2020-10-05,dog,open wound,GN,neisseria,2020-10-09,False,True,False,False,False,False,True,False,False,False,False,True,False,False,False,False,False,False,False,False,False,False,False,False,False,False,True,False,,,,,,,,,,,,,,,,,,,,,,,,,,,,,,,,,,,,,,,,,,
43040,2020-12-09,dog,urine,GN,klebsiella,2020-12-15,False,False,False,False,False,False,False,False,False,False,False,False,False,False,False,False,True,False,False,False,False,False,False,False,False,False,False,False,R,R,R,,R,R,,R,,R,R,,R,,S,R,,+,,,R,S,,,,R,,,,R,R,,,,R,,,S,,,R,
43041,2020-08-13,dog,urine,GN,proteus,2020-08-18,True,False,False,False,False,False,False,False,False,False,False,False,False,False,False,False,False,True,False,False,False,False,False,False,False,False,False,False,S,S,R,,R,R,,R,,R,I,,I,,R,I,,,,,R,I,,,,S,,,,S,R,,,,R,,,R,,,R,
43042,2020-11-30,dog,tissue,GN,escherichia,2020-12-03,True,False,False,False,False,False,False,False,False,False,False,True,False,False,False,True,False,False,False,False,False,False,False,False,False,False,False,False,S,R,R,,R,R,,R,,R,R,,R,,S,R,,+,,,S,S,,,,R,,,,S,I,,,,R,,,S,,,R,
43043,2020-07-14,dog,swab,GN,escherichia,2020-07-17,True,False,False,False,False,False,False,False,False,False,False,False,False,False,False,True,True,False,False,False,False,False,False,False,False,False,False,False,S,R,R,,R,R,,R,,R,R,,I,,R,R,,-,,,S,S,,,,R,,,,I,R,,,,R,,,R,,,R,
43044,2020-10-30,cat,urine,GN,klebsiella,2020-11-03,True,False,False,False,False,False,False,False,False,False,False,False,False,False,False,True,True,False,False,False,False,False,False,False,False,False,True,False,S,R,R,,R,R,,R,,R,I,,S,,R,R,,-,,,S,S,,,,R,,,,I,R,,,,R,,,R,,,S,
43045,2020-11-17,dog,urine,GN,proteus,2020-11-24,False,True,False,True,False,False,True,False,False,False,False,False,False,False,False,False,False,False,False,False,False,False,False,False,False,False,False,False,S,S,R,,S,S,,S,,S,S,,R,,R,R,,,,,S,R,,,,R,,,,I,R,,,,R,,,R,,,R,
43046,2020-12-17,cat,urine,GN,escherichia,2020-12-25,False,False,False,False,False,False,False,False,False,False,False,False,False,False,False,False,False,False,False,False,False,False,False,False,False,False,False,False,S,R,R,,R,R,,R,,R,R,,R,,R,R,,-,,,R,R,,,,R,,,,S,I,,,,R,,,R,,,R,
43047,2020-07-21,dog,urine,GN,klebsiella,2020-07-24,True,False,False,False,False,False,False,False,False,False,False,False,False,False,False,True,False,False,False,False,False,False,False,False,False,False,False,False,S,R,R,,R,R,,R,,R,R,,I,,R,R,,-,,,S,R,,,,R,,,,S,R,,,,R,,,R,,,R,
43048,2021-01-20,dog,aspirate sample from l7s1 disc,GN,pseudomonas,2021-01-27,False,False,False,False,False,False,False,False,False,False,False,False,False,False,False,False,True,True,False,False,False,False,False,False,False,False,False,False,S,,,,,,,,,,,,,,,I,,,,,S,S,,,,S,,,,,,,,,,,,,,,,
43049,2020-05-12,dog,surgical wound,GN,pseudomonas,2020-05-21,True,False,False,False,False,False,False,False,False,False,False,False,False,False,False,True,False,True,False,False,False,False,False,False,False,False,False,False,S,,,,,,,,,,,,,,,I,,,,,S,S,,,,S,,,,,,,,,,,,,,,,
43050,2021-03-01,dog,urine,GN,escherichia,2021-03-04,True,False,False,False,False,False,False,False,False,False,False,False,False,False,False,True,False,False,False,False,False,False,False,False,False,False,False,False,S,R,R,,R,R,,R,,R,R,,I,,R,R,,-,,,S,R,,,,R,,,,S,I,,,,R,,,R,,,R,
43051,2020-06-28,dog,swab,GN,proteus,2020-07-02,True,False,False,False,False,False,False,False,False,False,False,False,False,False,False,False,False,False,False,False,False,False,False,False,False,False,False,False,S,R,R,,R,R,,R,,R,R,,R,,R,R,,,,,R,R,,,,R,,,,I,R,,,,R,,,R,,,R,
43052,2020-12-23,dog,urine,GN,escherichia,2020-12-29,False,False,False,False,False,False,False,False,False,False,False,False,False,False,False,False,True,False,False,False,True,False,False,False,False,False,False,False,I,R,R,,R,R,,R,,R,R,,S,,S,R,,+,,,R,S,,,,R,,,,S,S,,,,R,,,R,,,R,
43053,2021-05-07,cat,swab,GN,escherichia,2021-05-21,False,False,False,False,False,False,True,False,False,False,False,True,True,False,False,False,False,True,False,False,False,False,False,False,False,False,True,False,S,R,R,,R,R,,S,,S,S,,S,,S,S,,-,,,S,S,,,,S,,,,S,S,,,,S,,,S,,,S,
43054,2021-03-26,dog,urine,GN,escherichia,2021-03-31,True,False,False,True,False,False,True,False,False,False,False,False,False,False,False,False,False,False,False,False,False,False,False,False,False,False,False,False,S,I,R,,S,R,,S,,S,S,,R,,R,R,,-,,,R,S,,,,R,,,,I,I,,,,R,,,R,,,R,
43055,2020-10-15,dog,swab,GN,pseudomonas,2020-10-20,False,False,False,False,False,False,False,False,False,False,False,True,True,False,False,False,False,True,False,False,False,False,False,False,False,False,True,False,S,,,,,,,,,,,,R,,S,S,,,,,S,S,,,,S,,,,,,,,,,,,S,,,S,
43056,2021-03-20,cat,chest,GN,pseudomonas,2021-03-29,False,False,False,False,False,False,False,False,False,False,False,False,False,False,False,True,True,True,False,False,False,False,False,False,False,False,False,False,S,,,,,,,R,,,R,,,,,I,,,,,S,S,,,,S,,,,,,,,,,,,,,,,
43057,2021-04-29,dog,ear canal,GN,pseudomonas,2021-05-05,True,False,False,False,False,False,False,False,False,False,False,False,False,False,False,True,True,False,False,False,False,False,False,False,False,False,False,False,S,,,,,,,,,,,,,,,R,,,,,S,S,,,,R,,,,,,,,,,,,,,,,
43058,2021-04-23,dog,urine,GN,escherichia,2021-04-28,False,True,False,True,False,False,True,False,False,False,False,False,False,False,False,False,False,False,False,False,False,False,False,False,False,False,True,False,S,S,S,,S,S,,S,,S,S,,S,,S,S,,-,,,S,S,,,,S,,,,S,S,,,,S,,,S,,,S,
43059,2020-11-01,dog,urine,GN,escherichia,2020-11-30,False,True,False,True,False,False,True,False,False,False,False,False,False,False,False,False,False,False,False,False,False,False,False,False,False,False,True,False,S,S,S,,S,S,,S,,S,S,,S,,R,S,,-,,,S,S,,,,S,,,,S,S,,,,S,,,R,,,S,
43060,2020-11-01,cat,swab,GN,klebsiella,2020-11-17,False,False,False,False,False,False,False,False,False,False,False,False,False,False,False,False,True,False,False,False,False,False,False,False,False,False,False,False,R,R,R,,R,R,,R,,R,R,,R,,R,R,,+,,,R,S,,,,R,,,,R,I,,,,R,,,R,,,R,
43061,2020-05-19,dog,urine,GN,escherichia,2020-05-21,False,False,False,True,False,False,True,False,False,False,False,False,False,False,False,False,False,False,False,False,True,False,False,False,False,False,False,False,S,S,S,,S,S,,S,,S,S,,R,,R,R,,-,,,R,S,,,,R,,,,R,S,,,,R,,,R,,,R,
43062,2020-10-21,dog,urine,GN,klebsiella,2020-10-28,False,False,False,True,False,False,True,False,False,False,False,False,False,False,False,False,False,False,False,False,False,False,False,False,False,False,True,False,S,R,R,,S,S,,S,,S,S,,S,,S,S,,-,,,S,R,,,,S,,,,I,I,,,,S,,,S,,,S,
43063,2020-07-02,dog,urine,GN,enterobacter,2020-07-09,False,False,False,False,False,False,True,False,False,False,False,False,True,False,False,False,False,True,False,False,False,False,False,False,False,False,True,False,S,R,,,R,R,,S,,S,S,,S,,S,S,,,,,S,S,,,,S,,,,S,S,,,,S,,,S,,,S,
43064,2020-11-09,cat,urine,GN,enterobacter,2020-11-13,False,False,False,False,False,False,False,False,False,False,False,False,True,False,False,False,False,True,False,False,False,False,False,False,False,False,True,False,S,R,,,R,R,,R,,R,R,,S,,S,S,,,,,S,S,,,,S,,,,S,I,,,,S,,,S,,,S,
43065,2020-07-23,dog,urine,GN,proteus,2020-07-31,False,True,False,True,False,False,True,False,False,False,False,False,False,False,False,False,False,False,False,False,False,False,False,False,False,False,False,False,S,S,S,,S,S,,S,,S,S,,R,,R,S,,,,,S,R,,,,S,,,,S,R,,,,S,,,R,,,R,
43066,2021-04-29,dog,urine,GN,proteus,2021-05-05,False,True,False,True,False,False,True,False,False,False,False,False,False,False,False,False,False,False,False,False,False,False,False,False,False,False,False,False,S,S,S,,S,S,,S,,S,S,,S,,R,R,,,,,R,S,,,,R,,,,I,R,,,,R,,,R,,,R,
43067,2020-11-24,cat,urine,GN,escherichia,2020-11-27,False,True,False,False,False,False,True,False,False,False,False,False,False,False,False,False,False,False,False,False,False,False,False,False,False,False,False,False,S,S,S,,R,I,,S,,S,S,,S,,S,R,,-,,,S,S,,,,R,,,,S,S,,,,R,,,S,,,R,
43068,2021-04-06,other,wound,GN,aeromonas,2021-04-16,True,False,False,False,False,False,False,False,False,False,False,False,True,False,False,True,False,False,False,False,False,False,False,False,False,False,False,False,S,I,,,,,,S,,,S,,S,,,S,,,,,S,S,,,,S,,,,,,,,,,,,S,,,S,
43069,2020-06-20,dog,urine,GN,pseudomonas,2020-06-24,True,False,False,False,False,False,False,False,False,False,False,False,False,False,False,True,False,True,False,False,False,False,False,False,False,False,False,False,S,,,,,,,,,,,,,,,I,,,,,S,S,,,,S,,,,,,,,,,,,,,,,
43070,2020-06-11,dog,urine,GN,escherichia,2020-06-16,False,True,False,True,False,False,True,False,False,False,False,False,False,False,False,False,False,False,False,False,False,False,False,False,False,False,True,False,S,S,S,,S,S,,S,,S,S,,S,,S,S,,-,,,S,S,,,,S,,,,S,S,,,,S,,,S,,,S,
43071,2020-06-20,dog,urine,GN,escherichia,2020-06-24,False,False,False,True,False,False,True,False,False,False,False,False,False,False,False,False,False,False,False,False,False,False,False,False,False,False,False,False,S,S,R,,S,S,,S,,S,S,,I,,R,R,,-,,,S,S,,,,R,,,,S,S,,,,R,,,R,,,R,
43072,2020-06-15,cat,urine,GN,chryseobacterium,2020-06-18,False,False,False,False,False,False,False,False,False,False,False,False,False,False,False,False,False,False,False,False,False,False,False,False,False,False,False,False,R,,,,,,,,,,,,R,,I,R,,,,,R,R,,,,R,,,,,,,,,,,,R,,,R,
43073,2020-06-23,dog,urine,GN,escherichia,2020-06-29,False,True,False,True,False,False,True,False,False,False,False,False,False,False,False,False,False,False,False,False,False,False,False,False,False,False,True,False,S,S,R,,S,S,,S,,S,S,,R,,R,R,,-,,,R,S,,,,R,,,,S,S,,,,R,,,R,,,S,
43074,2020-06-13,cat,urine,GN,pseudomonas,2020-06-18,True,False,False,False,False,False,False,False,False,False,False,False,False,False,False,True,False,True,False,False,False,False,False,False,False,False,False,False,S,,,,,,,,,,,,,,,I,,,,,S,S,,,,S,,,,,,,,,,,,,,,,
43075,2020-06-03,dog,urine,GN,escherichia,2020-06-09,False,True,False,True,False,False,True,False,False,False,False,False,False,False,False,False,False,False,False,False,False,False,False,False,False,False,False,False,R,S,R,,S,S,,S,,S,S,,S,,R,R,,-,,,R,S,,,,R,,,,R,S,,,,R,,,R,,,R,
43076,2020-06-15,dog,urine,GN,klebsiella,2020-06-18,False,False,False,False,False,False,False,False,False,False,False,False,False,False,False,False,False,False,False,False,False,False,False,False,False,False,True,False,R,R,R,,R,R,,R,,R,I,,R,,R,R,,-,,,R,S,,,,R,,,,R,I,,,,R,,,R,,,S,
43077,2020-06-24,dog,urine,GN,klebsiella,2020-06-29,False,False,False,False,False,False,False,False,False,False,False,False,False,False,False,False,False,False,False,False,True,False,False,False,False,False,True,False,S,R,R,,R,R,,I,,S,S,,R,,R,R,,-,,,R,S,,,,R,,,,R,S,,,,R,,,R,,,S,
43078,2020-06-18,dog,ear exudate,GN,pseudomonas,2020-06-23,False,False,False,False,False,False,False,False,False,False,False,False,False,False,False,False,False,False,False,False,False,False,False,False,False,False,False,False,R,,,,,,,,,,,,,,,R,,,,,R,R,,,,R,,,,,,,,,,,,,,,,
43079,2020-06-09,dog,urine,GN,klebsiella,2020-06-12,True,False,False,False,False,False,False,False,False,False,False,False,False,False,False,True,False,False,False,False,False,False,False,False,False,False,True,False,S,R,R,,R,R,,R,,R,R,,S,,R,R,,-,,,S,S,,,,R,,,,I,R,,,,R,,,R,,,S,
43080,2020-06-22,cat,urine,GN,escherichia,2020-06-24,False,False,False,False,False,False,True,False,False,False,False,False,True,False,False,False,False,True,False,False,False,False,False,False,False,False,False,False,S,R,R,,R,R,,S,,S,S,,S,,I,S,,-,,,S,S,,,,S,,,,S,S,,,,S,,,R,,,R,
43081,2020-06-04,dog,ear exudate,GN,proteus,2020-06-09,False,True,False,False,False,False,True,False,False,False,False,False,False,False,False,False,False,False,False,False,False,False,False,False,False,False,True,False,S,S,S,,R,I,,S,,S,S,,S,,R,S,,,,,S,S,,,,S,,,,S,R,,,,S,,,R,,,S,
43082,2020-06-08,dog,urine,GN,escherichia,2020-06-11,False,False,False,True,False,False,True,False,False,False,False,False,False,False,False,False,False,False,False,False,False,False,False,False,False,False,True,False,S,R,R,,S,R,,S,,S,S,,R,,R,R,,-,,,S,S,,,,R,,,,S,S,,,,R,,,R,,,S,
43083,2020-05-30,dog,urine,GN,escherichia,2020-06-05,False,True,False,True,False,False,True,False,False,False,False,False,False,False,False,False,False,False,False,False,False,False,False,False,False,False,False,False,S,S,R,,S,S,,S,,S,S,,S,,S,R,,-,,,S,S,,,,R,,,,S,S,,,,R,,,S,,,R,
43084,2020-06-09,dog,crust from skin,GN,moraxella,2020-06-17,False,False,False,False,False,False,False,False,False,False,False,True,True,False,False,False,False,True,False,False,False,False,False,False,False,False,False,False,S,,,,,,,,,,,,R,,S,S,,,,,S,S,,,,S,,,,,,,,,,,,S,,,R,
43085,2020-06-10,dog,urine,GN,burkholderia,2020-06-15,False,False,False,False,False,False,False,False,False,False,False,False,False,False,False,False,False,True,False,False,False,False,False,False,False,False,True,False,R,,,,,,,,,,,,R,,S,R,,,,,R,R,,,,S,,,,,,,,,,,,R,,,S,
43086,2020-06-05,dog,urine,GN,proteus,2020-06-11,False,True,False,False,False,False,False,False,False,False,False,False,False,False,False,False,False,False,False,False,False,False,False,False,False,False,False,False,I,S,S,,,S,,,,S,,,S,,,,,,,,R,,,,,,,,,,,,,,,,,R,,,,
43087,2020-06-17,cat,urine,GN,acinetobacter,2020-06-22,False,False,False,False,False,False,False,False,False,False,False,False,False,False,False,True,False,False,False,False,False,False,False,False,False,False,False,False,,,,,,,,,,,,,,,R,R,,,,,S,R,,,,R,,,,,,,,,,,,R,,,R,
43088,2020-06-10,dog,urine,GN,klebsiella,2020-06-16,False,True,False,True,False,False,True,False,False,False,False,False,False,False,False,False,False,False,False,False,False,False,False,False,False,False,True,False,S,S,R,,S,S,,S,,S,S,,S,,S,S,,-,,,S,S,,,,S,,,,S,S,,,,S,,,S,,,S,
43089,2020-06-10,dog,urine,GN,pseudomonas,2020-06-15,False,False,False,False,False,False,False,False,False,False,False,False,False,False,False,False,True,False,False,False,False,False,False,False,False,False,False,False,R,,,,,,,,,,,,,,,R,,,,,R,S,,,,R,,,,,,,,,,,,,,,,
43090,2020-06-08,dog,urine,GN,escherichia,2020-06-11,True,False,False,False,False,False,False,False,False,False,False,False,False,False,False,False,False,False,False,False,False,False,False,False,False,False,False,False,S,R,R,,R,R,,R,,R,R,,I,,R,R,,-,,,R,R,,,,R,,,,S,I,,,,R,,,R,,,R,
43091,2020-06-05,cat,cervical,GN,pseudomonas,2020-06-12,True,False,False,False,False,False,False,False,False,False,False,False,False,False,False,False,True,False,False,False,False,False,False,False,False,False,False,False,S,,,,,,,,,,,,,,,R,,,,,R,S,,,,R,,,,,,,,,,,,,,,,
43092,2020-06-16,dog,open wound,GN,klebsiella,2020-06-22,False,False,False,False,False,False,True,False,False,False,False,False,True,False,False,False,False,True,False,False,False,False,False,False,False,False,True,False,S,R,R,,R,R,,S,,S,S,,S,,S,S,,,,,S,I,,,,S,,,,S,I,,,,S,,,S,,,S,
43093,2020-06-23,dog,urine,GN,proteus,2020-06-26,False,False,False,True,False,False,True,False,False,False,False,False,False,False,False,False,False,False,False,False,False,False,False,False,False,False,True,False,S,I,R,,S,S,,S,,S,S,,R,,R,S,,,,,S,I,,,,S,,,,S,R,,,,S,,,R,,,S,
43094,2020-06-24,cat,mandibular fx,GN,acinetobacter,2020-06-29,False,False,False,False,False,False,False,False,False,False,False,False,False,False,False,False,False,False,False,False,False,False,False,False,False,False,False,False,,,,,,,,,,,,,,,R,R,,,,,R,R,,,,R,,,,,,,,,,,,R,,,R,
43095,2020-06-22,dog,urine,GN,escherichia,2020-06-24,False,False,False,True,False,False,True,False,False,False,False,False,False,False,False,False,False,False,False,False,False,False,False,False,False,False,False,False,S,R,R,,S,R,,S,,S,S,,I,,R,R,,-,,,R,S,,,,R,,,,S,S,,,,R,,,R,,,R,
43096,2020-05-26,dog,joint fluid,GN,pseudomonas,2020-06-01,False,False,False,False,False,False,False,False,False,False,False,False,False,False,False,False,False,True,False,False,False,False,False,False,False,False,False,False,S,,,,,,,,,,,,,,,I,,,,,S,S,,,,S,,,,,,,,,,,,,,,,
43097,2020-06-10,dog,swab,GN,proteus,2020-06-15,True,False,False,False,False,True,True,False,False,False,False,False,False,False,False,False,False,False,False,False,False,False,False,False,False,False,False,False,S,R,R,,I,S,,S,,S,S,,R,,R,R,,,,,R,R,,,,R,,,,I,R,,,,R,,,R,,,R,
43098,2020-06-02,cat,urine,GN,escherichia,2020-06-09,False,False,False,False,False,False,True,False,False,False,False,False,True,False,False,False,False,True,False,False,False,False,False,False,False,False,False,False,S,R,R,,R,R,,S,,S,S,,R,,S,S,,-,,,S,S,,,,S,,,,S,S,,,,S,,,R,,,R,
43099,2020-06-10,cat,urine,GN,pseudomonas,2020-06-15,False,False,False,False,False,False,False,False,False,False,False,False,False,False,False,False,True,False,False,False,False,False,False,False,False,False,False,False,R,,,,,,,,,,,,,,,R,,,,,R,S,,,,R,,,,,,,,,,,,,,,,
